C: tell the attending that he cannot fail to disclose this mistake,OPTION B IS CORRECT.,b,c,False
E: cross-linking of dna,OPTION A IS CORRECT.,a,e,False
C: cholesterol embolization,OPTION C IS CORRECT.,c,c,True
"D: lactose-fermenting, gram-negative rods forming pink colonies on macconkey agar",OPTION A IS CORRECT.,a,d,False
B: ketotifen eye drops,OPTION B IS CORRECT.,b,b,True
E: reassurance and continuous monitoring,OPTION B IS CORRECT.,b,e,False
D: common iliac artery aneurysm,OPTION B IS CORRECT.,b,d,False
C: clopidogrel,OPTION C IS CORRECT.,c,c,True
C: active or recurrent pelvic inflammatory disease (pid),OPTION C IS CORRECT.,c,c,True
A: silvery plaques on extensor surfaces,OPTION A IS CORRECT.,a,a,True
E: it is an hiv-1/hiv2 antibody differentiation immunoassay,OPTION E IS CORRECT.,e,e,True
D: ruxolitinib,OPTION B IS CORRECT.,b,d,False
B: meningioma,OPTION B IS CORRECT.,b,b,True
E: a reduction in diastolic filling time,OPTION B IS CORRECT.,b,e,False
D: rotavirus,OPTION E IS CORRECT.,e,d,False
B: gallbladder cancer,OPTION B IS CORRECT.,b,b,True
E: il-4,OPTION D IS CORRECT.,d,e,False
E: matching,OPTION C IS CORRECT.,c,e,False
B: ibuprofen + colchicine +/- omeprazole,OPTION A IS CORRECT.,a,b,False
"E: benzodiazepine intoxication
""",OPTION C IS CORRECT.,c,e,False
C: previous radiation therapy,OPTION C IS CORRECT.,c,c,True
A: 22q11 deletion,OPTION A IS CORRECT.,a,a,True
D: histoplasma capsulatum infection,OPTION D IS CORRECT.,d,d,True
E: staphylococcus aureus,OPTION B IS CORRECT.,b,e,False
A: intubate with mechanical ventilation,OPTION A IS CORRECT.,a,a,True
E: respiratory burst,OPTION D IS CORRECT.,d,e,False
E: steeple sign,OPTION E IS CORRECT.,e,e,True
A: induction of cyp3a4 by rifampin leading to decreased serum levels of ethinylestradiol and progesterone,OPTION A IS CORRECT.,a,a,True
D: increased cerebrospinal fluid protein with normal cell count,OPTION D IS CORRECT.,d,d,True
D: reassurance,OPTION D IS CORRECT.,d,d,True
E: obstruction of the cystic duct,OPTION C IS CORRECT.,c,e,False
C: increased ventricular wall stiffness,OPTION D IS CORRECT.,d,c,False
E: chloramphenicol,OPTION B IS CORRECT.,b,e,False
B: proliferation of gastric mucus-producing cells,OPTION E IS CORRECT.,e,b,False
"B: insulin, potassium, iv fluids, and glucose",OPTION A IS CORRECT.,a,b,False
A: psoriatic arthritis,OPTION A IS CORRECT.,a,a,True
E: paraneoplastic syndrome from small cell carcinoma of the lung,OPTION D IS CORRECT.,d,e,False
A: defective t cell function,OPTION A IS CORRECT.,a,a,True
E: 2.67,OPTION D IS CORRECT.,d,e,False
A: arcuate fasciculus,OPTION C IS CORRECT.,c,a,False
D: polycystic ovarian syndrome (pcos),OPTION D IS CORRECT.,d,d,True
C: strict blood glucose control,OPTION C IS CORRECT.,c,c,True
A: duodenal atresia,OPTION C IS CORRECT.,c,a,False
C: coronary sinus,OPTION D IS CORRECT.,d,c,False
B: globular 10-week sized uterus,OPTION D IS CORRECT.,d,b,False
E: fomepizole,OPTION A IS CORRECT.,a,e,False
C: 20,OPTION B IS CORRECT.,b,c,False
A: femoropopliteal artery stenosis,OPTION A IS CORRECT.,a,a,True
B: recommend autopsy of the infant,OPTION C IS CORRECT.,c,b,False
D: proliferation of surfactant-secreting cells,OPTION D IS CORRECT.,d,d,True
E: induces breaks in double-stranded dna,OPTION A IS CORRECT.,a,e,False
A: aldosterone excess,OPTION A IS CORRECT.,a,a,True
D: defective hepatic bile excretion,OPTION A IS CORRECT.,a,d,False
D: atropine,OPTION B IS CORRECT.,b,d,False
B: tardive dyskinesia,OPTION C IS CORRECT.,c,b,False
B: koh examination of lesion scrapings,OPTION B IS CORRECT.,b,b,True
C: gynecomastia,OPTION D IS CORRECT.,d,c,False
B: variable β-sequence of the t cell receptor,OPTION B IS CORRECT.,b,b,True
C: hemolytic uremic syndrome,OPTION C IS CORRECT.,c,c,True
A: patients with this disorder are not further sub-typed,OPTION C IS CORRECT.,c,a,False
D: salmonella typhi,OPTION D IS CORRECT.,d,d,True
A: acetaldehyde,OPTION A IS CORRECT.,a,a,True
D: no tests required,OPTION D IS CORRECT.,d,d,True
A: insert a ‘straight cath’ into the patient’s bladder,OPTION D IS CORRECT.,d,a,False
A: disruption of cell membrane permeability,OPTION D IS CORRECT.,d,a,False
C: lytic lesions of the lumbar spine,OPTION B IS CORRECT.,b,c,False
D: perform emergency laparotomy,OPTION D IS CORRECT.,d,d,True
C: transplacental passage of tsh receptor antibodies,OPTION A IS CORRECT.,a,c,False
D: nadalol,OPTION D IS CORRECT.,d,d,True
A: proceed with liver biopsy,OPTION D IS CORRECT.,d,a,False
A: spontaneous bacterial peritonitis,OPTION A IS CORRECT.,a,a,True
A: cardiac contusion,OPTION A IS CORRECT.,a,a,True
C: liver transplantation,OPTION B IS CORRECT.,b,c,False
B: methimazole,OPTION C IS CORRECT.,c,b,False
C: potassium hydroxide preparation,OPTION D IS CORRECT.,d,c,False
A: 5,OPTION B IS CORRECT.,b,a,False
B: biopsy of the mass,OPTION B IS CORRECT.,b,b,True
B: deposition of calcium pyrophosphate (cpp) crystals,OPTION B IS CORRECT.,b,b,True
D: transposition of great vessels,OPTION D IS CORRECT.,d,d,True
C: interrupted 2-0 polypropylene suture with supporting pledgets,OPTION C IS CORRECT.,c,c,True
B: reid index > 50%,OPTION B IS CORRECT.,b,b,True
B: caspase-9,OPTION D IS CORRECT.,d,b,False
C: acral lentiginous,OPTION C IS CORRECT.,c,c,True
B: jaw claudication,OPTION B IS CORRECT.,b,b,True
D: endometrial tissue outside the uterine cavity,OPTION D IS CORRECT.,d,d,True
C: friable irregular masses attached to the valve,OPTION C IS CORRECT.,c,c,True
C: laparoscopy,OPTION C IS CORRECT.,c,c,True
D: high ldl-cholesterol,OPTION E IS CORRECT.,e,d,False
C: thoracic aortic rupture,OPTION B IS CORRECT.,b,c,False
C: propylthiouracil,OPTION C IS CORRECT.,c,c,True
E: freshwater snails,OPTION D IS CORRECT.,d,e,False
B: normal hemoglobin in patients with tetralogy of fallot does not rule out iron deficiency anemia.,OPTION C IS CORRECT.,c,b,False
D: delirium,OPTION D IS CORRECT.,d,d,True
E: rheumatoid arthritis,OPTION D IS CORRECT.,d,e,False
C: a drop in systolic blood pressure of 14 mmhg during inspiration,OPTION E IS CORRECT.,e,c,False
D: mr angiography of the brain,OPTION A IS CORRECT.,a,d,False
A: autosomal dominant,OPTION A IS CORRECT.,a,a,True
B: antigenic variation,OPTION B IS CORRECT.,b,b,True
C: cervical immobilization,OPTION C IS CORRECT.,c,c,True
C: bromocriptine,OPTION C IS CORRECT.,c,c,True
E: anti-b antibodies,OPTION C IS CORRECT.,c,e,False
A: amantadine,OPTION A IS CORRECT.,a,a,True
A: stop magnesium sulfate and give calcium gluconate,OPTION A IS CORRECT.,a,a,True
A: myxedema coma,OPTION A IS CORRECT.,a,a,True
C: aortic regurgitation,OPTION C IS CORRECT.,c,c,True
B: borderline personality disorder,OPTION B IS CORRECT.,b,b,True
C: positive emission tomography (pet) of chest now,OPTION B IS CORRECT.,b,c,False
A: primary spermatocyte,OPTION A IS CORRECT.,a,a,True
E: surgical pinning of the femoral head,OPTION B IS CORRECT.,b,e,False
C: stool leukocytes,OPTION C IS CORRECT.,c,c,True
D: bacterial translocation,OPTION D IS CORRECT.,d,d,True
C: racemic epinephrine and intramuscular corticosteroid therapy,OPTION B IS CORRECT.,b,c,False
B: esophageal fibrosis,OPTION C IS CORRECT.,c,b,False
D: jak/stat,OPTION A IS CORRECT.,a,d,False
D: metformin,OPTION A IS CORRECT.,a,d,False
E: power stroke,OPTION D IS CORRECT.,d,e,False
D: tsc1 gene on chromosome 9,OPTION C IS CORRECT.,c,d,False
D: metformin,OPTION A IS CORRECT.,a,d,False
E: chronic obstructive pulmonary disease,OPTION C IS CORRECT.,c,e,False
C: avoid exposure to birds,OPTION B IS CORRECT.,b,c,False
D: uterine artery,OPTION D IS CORRECT.,d,d,True
B: epstein-barr virus,OPTION B IS CORRECT.,b,b,True
E: zika virus,OPTION B IS CORRECT.,b,e,False
A: mixing study,OPTION D IS CORRECT.,c,a,False
B: diarrhea,OPTION D IS CORRECT.,d,b,False
A: isoniazid,OPTION D IS CORRECT.,d,a,False
A: herniation of the uncus,OPTION A IS CORRECT.,a,a,True
D: natural killer cells,OPTION D IS CORRECT.,d,d,True
A: intrafascicular infiltration on muscle biopsy,OPTION C IS CORRECT.,c,a,False
A: decreased acetylcholine release,OPTION B IS CORRECT.,b,a,False
B: biliary atresia,OPTION D IS CORRECT.,d,b,False
B: qt prolongation,OPTION B IS CORRECT.,b,b,True
A: diverticulitis,OPTION A IS CORRECT.,a,a,True
B: aortoiliac atherosclerosis,OPTION B IS CORRECT.,b,b,True
"A: increased pth, decreased calcium, increased phosphate, decreased calcitriol",OPTION A IS CORRECT.,a,a,True
C: binds endogenous peptides that have been transported by the tap channel,OPTION C IS CORRECT.,c,c,True
D: gastroesophageal junction incompetence,OPTION D IS CORRECT.,d,d,True
E: treatment with radioactive iodine,OPTION D IS CORRECT.,d,e,False
C: reassuring the parents and use of an enuresis alarm,OPTION C IS CORRECT.,c,c,True
D: decreased positional sense in the ipsilateral leg,OPTION B IS CORRECT.,b,d,False
D: amoxicilin,OPTION B IS CORRECT.,b,d,False
A: mri of the adrenal glands,OPTION E IS CORRECT.,e,a,False
A: inhibition of beta-tubulin polymerization,OPTION A IS CORRECT.,a,a,True
B: aromatic amines,OPTION B IS CORRECT.,b,b,True
D: reassurance and follow-up,OPTION D IS CORRECT.,d,d,True
D: normal light microscopy findings,OPTION E IS CORRECT.,e,d,False
D: tumor arising from cutaneous t cells,OPTION E IS CORRECT.,e,d,False
D: cognitive behavioral therapy,OPTION D IS CORRECT.,d,d,True
B: frontotemporal dementia,OPTION D IS CORRECT.,d,b,False
E: immunoglobulin- igm,OPTION E IS CORRECT.,e,e,True
A: levofloxacin,OPTION B IS CORRECT.,b,a,False
E: theca leutein cysts,OPTION A IS CORRECT.,a,e,False
A: serum antibodies against hemagglutinin,OPTION D IS CORRECT.,d,a,False
A: previous suicide attempt,OPTION A IS CORRECT.,a,a,True
D: chickenpox,OPTION D IS CORRECT.,d,d,True
E: synthetic cathinone intoxication,OPTION B IS CORRECT.,b,e,False
B: benztropine,OPTION B IS CORRECT.,b,b,True
A: acute pancreatitis,OPTION B IS CORRECT.,b,a,False
D: administer calcium gluconate,OPTION D IS CORRECT.,d,d,True
C: bartter's syndrome,OPTION C IS CORRECT.,c,c,True
D: 1 and 2,OPTION E IS CORRECT.,e,d,False
B: non-hodgkin lymphoma,OPTION D IS CORRECT.,d,b,False
D: linear igg staining on immunofluorescence,OPTION D IS CORRECT.,d,d,True
A: positive latex agglutination test,OPTION E IS CORRECT.,e,a,False
A: viral reactivation in dorsal root ganglia,OPTION A IS CORRECT.,a,a,True
B: using mortality rates in the analysis,OPTION B IS CORRECT.,b,b,True
B: silicosis,OPTION C IS CORRECT.,c,b,False
D: takotsubo cardiomyopathy,OPTION D IS CORRECT.,d,d,True
B: undergo upper gi endoscopy,OPTION B IS CORRECT.,b,b,True
D: antigen-antibody complexes,OPTION D IS CORRECT.,d,d,True
C: miosis,OPTION C IS CORRECT.,c,c,True
D: prominent occiput,OPTION E IS CORRECT.,e,d,False
C: olanzapine,OPTION B IS CORRECT.,b,c,False
A: increase in serum acth,OPTION D IS CORRECT.,d,a,False
E: lead-time bias,OPTION B IS CORRECT.,b,e,False
D: needle decompression,OPTION D IS CORRECT.,d,d,True
E: 580 / (580 + 20),OPTION D IS CORRECT.,d,e,False
D: osteoarthritis,OPTION D IS CORRECT.,d,d,True
D: right-sided analgesia,OPTION C IS CORRECT.,c,d,False
D: chlamydia trachomatis infection,OPTION D IS CORRECT.,d,d,True
B: glanzmann’s thrombasthenia,OPTION A IS CORRECT.,a,b,False
"E: non-enveloped with linear, double-stranded dna",OPTION A IS CORRECT.,a,e,False
B: glandular tissue enlargement,OPTION B IS CORRECT.,b,b,True
E: resistance to clotting factor degradation,OPTION C IS CORRECT.,c,e,False
B: fluoxetine,OPTION A IS CORRECT.,a,b,False
D: seek a court order for neoadjuvant chemotherapy,OPTION A IS CORRECT.,d,d,True
C: the mischarged trna with valine will be incorporated in the codons that specificy for lysine,OPTION C IS CORRECT.,c,c,True
B: ketamine,OPTION B IS CORRECT.,b,b,True
E: rotator cuff injury,OPTION E IS CORRECT.,e,e,True
C: erosion of tooth enamel,OPTION C IS CORRECT.,c,c,True
A: citalopram,OPTION D IS CORRECT.,d,a,False
D: maternal diabetes,OPTION A IS CORRECT.,a,d,False
E: effect modification,OPTION E IS CORRECT.,e,e,True
C: ifn-gamma,OPTION C IS CORRECT.,c,c,True
C: conversion of aminolevulinic acid to porphobilinogen,OPTION B IS CORRECT.,b,c,False
C: recall bias,OPTION C IS CORRECT.,c,c,True
A: warfarin,OPTION A IS CORRECT.,a,a,True
C: chronic kidney failure,OPTION C IS CORRECT.,c,c,True
E: prostate cancer,OPTION C IS CORRECT.,c,e,False
D: cortical thinning with tubular atrophy,OPTION D IS CORRECT.,d,d,True
B: calcium oxalate crystals,OPTION B IS CORRECT.,b,b,True
B: ovarian cancer,OPTION B IS CORRECT.,b,b,True
D: inferior thyroid arteries,OPTION C IS CORRECT.,c,d,False
A: benznidazole,OPTION C IS CORRECT.,c,a,False
C: inferior mesenteric artery,OPTION A IS CORRECT.,a,c,False
"B: i, iii, iv",OPTION B IS CORRECT.,b,b,True
D: lod score > 3,OPTION D IS CORRECT.,d,d,True
"A: close observation, pap smear screening at 6 and 12 months, and hpv dna testing at 12 months",OPTION A IS CORRECT.,a,a,True
B: inhibits viral assembly,OPTION D IS CORRECT.,d,b,False
A: squamous cell carcinoma,OPTION A IS CORRECT.,a,a,True
C: initiation of s phase,OPTION C IS CORRECT.,c,c,True
B: hepatitis c virus antibodies,OPTION B IS CORRECT.,b,b,True
E: lack of risk calculation,OPTION C IS CORRECT.,c,e,False
A: acalculous cholecystitis,OPTION A IS CORRECT.,a,a,True
B: factitious disorder,OPTION B IS CORRECT.,b,b,True
D: digital rectal examination,OPTION D IS CORRECT.,d,d,True
E: vasoconstriction of the medullary vessels,OPTION D IS CORRECT.,d,e,False
D: dilation and curettage,OPTION B IS CORRECT.,b,d,False
E: dermis,OPTION C IS CORRECT.,c,e,False
A: dysfunction in a transmembrane regulator,OPTION C IS CORRECT.,c,a,False
D: decreased fev1 and fvc with normal fev1/fvc ratio,OPTION B IS CORRECT.,b,d,False
A: administer zidovudine,OPTION B IS CORRECT.,b,a,False
D: increased gene expression of glut-4,OPTION A IS CORRECT.,a,d,False
A: endometrial sloughing and uterine contractions mediated by prostaglandin,OPTION A IS CORRECT.,a,a,True
C: retrograde migration up peripheral nerve axons,OPTION D IS CORRECT.,d,c,False
C: vitiligo,OPTION B IS CORRECT.,b,c,False
D: fludarabinern,OPTION A IS CORRECT.,a,d,False
D: amphotericin b,OPTION B IS CORRECT.,b,d,False
A: chikungunya,OPTION B IS CORRECT.,b,a,False
E: treating the underlying illness,OPTION B IS CORRECT.,b,e,False
C: coarctation of the aorta,OPTION C IS CORRECT.,c,c,True
A: staphylococcus epidermidis,OPTION C IS CORRECT.,c,a,False
D: antibiotics and drainage,OPTION D IS CORRECT.,d,d,True
B: acid-fast,OPTION B IS CORRECT.,b,b,True
D: secretion of γ-interferon by activated t-lymphocytes,OPTION E IS CORRECT.,e,d,False
B: active hepatitis a infection,OPTION C IS CORRECT.,c,b,False
A: nucleotide excision repair,OPTION A IS CORRECT.,a,a,True
B: dense fibroinflammatory infiltrate,OPTION C IS CORRECT.,c,b,False
B: incidence rates will be higher during shorter time periods than longer periods.,OPTION A IS CORRECT.,a,b,False
A: muscle biopsy,OPTION D IS CORRECT.,d,a,False
E: neuron-specific enolase,OPTION D IS CORRECT.,d,e,False
B: urease-producing organism in the small intestine,OPTION C IS CORRECT.,c,b,False
A: absent barr bodies on buccal smear,OPTION D IS CORRECT.,d,a,False
A: restart rosuvastatin at a lower dose,OPTION A IS CORRECT.,c,a,False
E: larynx,OPTION C IS CORRECT.,c,e,False
D: increase peep,OPTION B IS CORRECT.,b,d,False
A: repeat blood cultures now,OPTION A IS CORRECT.,a,a,True
D: azithromycin and ethambutol,OPTION B IS CORRECT.,b,d,False
C: e2f transcription factors,OPTION D IS CORRECT.,d,c,False
"B: ppv decreases, npv increases",OPTION B IS CORRECT.,b,b,True
A: cognitive behavioral therapy (cbt),OPTION D IS CORRECT.,d,a,False
B: finasteride,OPTION B IS CORRECT.,b,b,True
A: methylphenidate,OPTION B IS CORRECT.,b,a,False
D: imbalance of fluid secretion and resorption by the tunica vaginalis,OPTION A IS CORRECT.,a,d,False
A: surgical debridement,OPTION A IS CORRECT.,a,a,True
C: microcytic red blood cells,OPTION B IS CORRECT.,b,c,False
D: actinic keratosis,OPTION D IS CORRECT.,d,d,True
D: tetrahydrobiopterin,OPTION D IS CORRECT.,d,d,True
E: decreased ala synthesis,OPTION A IS CORRECT.,a,e,False
D: hfe gene,OPTION D IS CORRECT.,d,d,True
C: reassurance,OPTION C IS CORRECT.,c,c,True
C: staphylococcus aureus,OPTION C IS CORRECT.,c,c,True
E: ↓ ↑ ↓,OPTION D IS CORRECT.,d,e,False
C: systematic desensitization,OPTION D IS CORRECT.,d,c,False
A: diffuse alveolar damage,OPTION C IS CORRECT.,c,a,False
E: lower lobe cavitary mass,OPTION C IS CORRECT.,c,e,False
B: primary respiratory acidosis,OPTION D IS CORRECT.,d,b,False
E: 100%,OPTION B IS CORRECT.,b,e,False
E: cochlea,OPTION E IS CORRECT.,e,e,True
"D: gram-negative, oxidase-positive bacilli",OPTION A IS CORRECT.,a,d,False
C: oligoclonal igg bands on electrophoresis,OPTION C IS CORRECT.,c,c,True
B: no tests required,OPTION C IS CORRECT.,c,b,False
C: autoimmune endocrinopathy,OPTION C IS CORRECT.,c,c,True
A: abdominal ct scan,OPTION D IS CORRECT.,d,a,False
A: keratoacanthoma,OPTION A IS CORRECT.,a,a,True
A: adenosine,OPTION A IS CORRECT.,a,a,True
C: interleukin 11,OPTION D IS CORRECT.,d,c,False
D: toxic tubulointerstitial nephritis,OPTION D IS CORRECT.,d,d,True
A: bipap,OPTION A IS CORRECT.,a,a,True
B: intravenous dexamethasone therapy,OPTION B IS CORRECT.,b,b,True
B: cognitive behavioral therapy,OPTION B IS CORRECT.,b,b,True
D: hemidesmosomes,OPTION B IS CORRECT.,b,d,False
A: schizoid personality disorder,OPTION A IS CORRECT.,a,a,True
A: streptococcus pneumoniae,OPTION B IS CORRECT.,b,a,False
B: decrease in transmembrane sodium gradient,OPTION C IS CORRECT.,c,b,False
D: start him on both hydrocortisone and fludrocortisone therapy,OPTION E IS CORRECT.,e,d,False
D: polymerase chain reaction,OPTION D IS CORRECT.,d,d,True
A: doxycycline,OPTION B IS CORRECT.,b,a,False
B: impaired csf flow through the arachnoid granulations,OPTION C IS CORRECT.,c,b,False
D: small blue cells arranged in rosettes around a central neuropil,OPTION D IS CORRECT.,d,d,True
B: there is a 5.2% chance that a is more effective than b is due to chance,OPTION C IS CORRECT.,d,b,False
A: anti-cardiolipin,OPTION D IS CORRECT.,d,a,False
D: acute arterial occlusion,OPTION B IS CORRECT.,b,d,False
A: im epinephrine,OPTION A IS CORRECT.,a,a,True
A: metaplasia,OPTION A IS CORRECT.,a,a,True
B: endometrial carcinoma,OPTION B IS CORRECT.,b,b,True
A: brown-black color in one area of the lesion to red-white in a different area,OPTION A IS CORRECT.,b,a,False
D: fluid restriction,OPTION B IS CORRECT.,b,d,False
E: polyostotic fibrous dysplasia,OPTION B IS CORRECT.,b,e,False
B: 16,OPTION A IS CORRECT.,a,b,False
D: superomedial quadrant of the right buttock,OPTION B IS CORRECT.,b,d,False
D: papillary muscles,OPTION B IS CORRECT.,b,d,False
A: alport syndrome,OPTION A IS CORRECT.,a,a,True
D: vaginal septum,OPTION A IS CORRECT.,a,d,False
A: asthma attack,OPTION A IS CORRECT.,a,a,True
B: lactulose,OPTION B IS CORRECT.,b,b,True
C: ehlers-danlos syndrome,OPTION E IS CORRECT.,e,c,False
C: contact another family member for consent,OPTION D IS CORRECT.,d,c,False
"C: increased glomerular filtration rate, restricted aldosterone release, vascular smooth muscle dilation",OPTION C IS CORRECT.,c,c,True
D: informed consent is not needed in this case,OPTION A IS CORRECT.,d,d,True
B: prevalence,OPTION B IS CORRECT.,b,b,True
D: impaired degradation of β-catenin,OPTION D IS CORRECT.,d,d,True
B: linear aggregations of red blood cells,OPTION C IS CORRECT.,c,b,False
B: oxybutynin,OPTION B IS CORRECT.,b,b,True
A: alpha-adrenergic agonist,OPTION B IS CORRECT.,b,a,False
B: mixed connective tissue disease,OPTION D IS CORRECT.,d,b,False
A: bupropion,OPTION C IS CORRECT.,c,a,False
B: denaturation of lens protein,OPTION E IS CORRECT.,e,b,False
C: somatization disorder,OPTION D IS CORRECT.,d,c,False
B: bipolar ii disorder,OPTION C IS CORRECT.,c,b,False
D: abdominal x-ray,OPTION B IS CORRECT.,b,d,False
A: subcutaneous fondaparinux,OPTION C IS CORRECT.,c,a,False
D: intracellular inclusions of alpha-synuclein,OPTION E IS CORRECT.,e,d,False
C: impaired growth plate mineralization,OPTION B IS CORRECT.,b,c,False
A: ercp,OPTION A IS CORRECT.,a,a,True
C: autosomal dominant polycystic kidney disease,OPTION C IS CORRECT.,c,c,True
B: mri of the hip,OPTION B IS CORRECT.,b,b,True
A: preventable by a live attenuated vaccine,OPTION D IS CORRECT.,d,a,False
B: sympathetic block,OPTION B IS CORRECT.,b,b,True
B: exchange transfusion,OPTION B IS CORRECT.,b,b,True
C: interstitial edema,OPTION C IS CORRECT.,c,c,True
B: sickle cell disease,OPTION B IS CORRECT.,b,b,True
D: inhibition of p-glycoprotein,OPTION A IS CORRECT.,a,d,False
E: intubation and mechanical ventilation,OPTION E IS CORRECT.,e,e,True
B: comprehensive foot exam every year,OPTION B IS CORRECT.,b,b,True
B: hypertrophic cardiomyopathy,OPTION B IS CORRECT.,b,b,True
A: epstein-barr virus,OPTION A IS CORRECT.,a,a,True
C: decrease in systemic vascular resistance,OPTION D IS CORRECT.,d,c,False
A: clonidine,OPTION C IS CORRECT.,c,a,False
A: desensitization,OPTION A IS CORRECT.,a,a,True
E: cognitive training,OPTION C IS CORRECT.,c,e,False
C: external anal sphincter,OPTION A IS CORRECT.,a,c,False
D: needle thoracostomy,OPTION D IS CORRECT.,d,d,True
B: rectouterine pouch,OPTION B IS CORRECT.,b,b,True
A: cerebellar demyelination,OPTION B IS CORRECT.,b,a,False
C: fexofenadine,OPTION A IS CORRECT.,a,c,False
C: reaction formation,OPTION C IS CORRECT.,c,c,True
A: primary hyperparathyroidism,OPTION A IS CORRECT.,a,a,True
D: continue current therapy,OPTION D IS CORRECT.,d,d,True
C: decreased adiposity contributes to hypoestrogenemia in this patient,OPTION C IS CORRECT.,c,c,True
C: incision and drainage with intravenous ampicillin-sulbactam therapy,OPTION E IS CORRECT.,e,c,False
A: factitious disorder,OPTION B IS CORRECT.,b,a,False
A: adverse effect of anesthetic,OPTION E IS CORRECT.,e,a,False
B: bone marrow biopsy,OPTION B IS CORRECT.,b,b,True
D: heliobacter pylori infection,OPTION D IS CORRECT.,d,d,True
"A: hiv, syphilis, and hepatitis b",OPTION C IS CORRECT.,d,a,False
A: schizotypal personality disorder,OPTION A IS CORRECT.,a,a,True
E: heroin,OPTION C IS CORRECT.,c,e,False
B: moderate flexion then hyperpronation,OPTION D IS CORRECT.,d,b,False
D: polymyositis,OPTION D IS CORRECT.,d,d,True
A: anterior horn cell degeneration,OPTION C IS CORRECT.,c,a,False
A: methimazole and propranolol therapy,OPTION C IS CORRECT.,c,a,False
D: tenderness at the insertion of the achilles tendon,OPTION D IS CORRECT.,d,d,True
D: papillary carcinoma of the thyroid,OPTION D IS CORRECT.,d,d,True
A: methadone,OPTION C IS CORRECT.,c,a,False
D: renin,OPTION E IS CORRECT.,e,d,False
A: raynaud's phenomenon,OPTION A IS CORRECT.,a,a,True
D: recommend additional serologic testing for parvovirus b19,OPTION C IS CORRECT.,c,d,False
D: trichomonal vaginitis,OPTION D IS CORRECT.,d,d,True
E: 6th pharyngeal arch,OPTION B IS CORRECT.,b,e,False
E: increased adenylate cyclase activity,OPTION D IS CORRECT.,d,e,False
A: cladribine,OPTION D IS CORRECT.,d,a,False
E: urine antigen test,OPTION B IS CORRECT.,b,e,False
E: pseudomonas keratitis,OPTION C IS CORRECT.,c,e,False
D: valley fever,OPTION C IS CORRECT.,c,d,False
B: exchange transfusion,OPTION B IS CORRECT.,b,b,True
D: polymerase chain reaction for viral genes,OPTION B IS CORRECT.,b,d,False
E: anti-hev igm,OPTION E IS CORRECT.,e,e,True
A: inflammation and edema,OPTION A IS CORRECT.,a,a,True
D: accumulation of fluid in the pericardial space,OPTION D IS CORRECT.,d,d,True
B: hydrochlorothiazide,OPTION E IS CORRECT.,e,b,False
C: it is inhibited by protein kinase a activity,OPTION D IS CORRECT.,a,c,False
C: bupropion,OPTION C IS CORRECT.,c,c,True
A: hematopoietic cell transplantation,OPTION A IS CORRECT.,a,a,True
E: autoantibody-mediated platelet activation,OPTION E IS CORRECT.,e,e,True
"E: integration of foreign dna into host genome
""",OPTION A IS CORRECT.,a,e,False
D: hiv and hcv testing,OPTION D IS CORRECT.,d,d,True
B: pseudomonas,OPTION B IS CORRECT.,b,b,True
C: reassurance and counseling on positioning,OPTION C IS CORRECT.,c,c,True
D: left cord hemisection,OPTION D IS CORRECT.,d,d,True
A: psa,OPTION E IS CORRECT.,e,a,False
B: pericardiocentesis,OPTION B IS CORRECT.,b,b,True
C: chronic obstructive pulmonary disease,OPTION C IS CORRECT.,c,c,True
A: wrap the intestines in a sterile bowel bag,OPTION B IS CORRECT.,b,a,False
D: upregulation of hepcidin,OPTION A IS CORRECT.,a,d,False
C: add fluticasone daily,OPTION D IS CORRECT.,d,c,False
D: struma ovarii,OPTION D IS CORRECT.,d,d,True
B: autosomal dominant,OPTION C IS CORRECT.,c,b,False
E: chronic obstructive bronchitis,OPTION B IS CORRECT.,b,e,False
B: the drug caused uncoupling of the electron transport chain and oxidative phosphorylation.,OPTION D IS CORRECT.,d,b,False
B: rough endoplasmic reticulum,OPTION B IS CORRECT.,b,b,True
C: administer ulipristal acetate,OPTION A IS CORRECT.,a,c,False
B: lamotrigine,OPTION B IS CORRECT.,b,b,True
E: pancreas divisum,OPTION E IS CORRECT.,e,e,True
A: seizures due to hypocalcemia,OPTION D IS CORRECT.,d,a,False
A: mevalonate,OPTION C IS CORRECT.,c,a,False
C: acetylcholine receptor,OPTION B IS CORRECT.,b,c,False
C: release of prostaglandins,OPTION A IS CORRECT.,a,c,False
A: sofosbuvir and ledipasvir therapy,OPTION D IS CORRECT.,d,a,False
C: parietal cells,OPTION C IS CORRECT.,c,c,True
C: adh resistance in the renal collecting ducts,OPTION C IS CORRECT.,c,c,True
C: celiac disease,OPTION C IS CORRECT.,c,c,True
A: inpatient treatment with intravenous ciprofloxacin,OPTION D IS CORRECT.,d,a,False
B: 0.9% saline iv,OPTION B IS CORRECT.,b,b,True
E: enterotoxigenic escherichia coli,OPTION E IS CORRECT.,e,e,True
"E: if the sensitivity of this screening test were decreased, the statistical power would decrease.",OPTION A IS CORRECT.,c,e,False
D: creates pores in the cell membrane,OPTION A IS CORRECT.,a,d,False
A: inadvertent surgical removal of parathyroid glands,OPTION A IS CORRECT.,a,a,True
D: iron supplementation,OPTION C IS CORRECT.,c,d,False
B: protein c concentrate,OPTION B IS CORRECT.,b,b,True
B: long face and large everted ears,OPTION B IS CORRECT.,b,b,True
C: metoprolol,OPTION D IS CORRECT.,d,c,False
A: increased alveolar dead space due to absent perfusion of certain alveoli,OPTION A IS CORRECT.,a,a,True
E: protein deposition,OPTION D IS CORRECT.,d,e,False
"C: a small region of red, velvet-like mucosa in the lower esophagus",OPTION B IS CORRECT.,b,c,False
C: refuse the procedure because it violates the ethical principle of autonomy,OPTION B IS CORRECT.,b,c,False
C: inhibit phagocytosis,OPTION A IS CORRECT.,a,c,False
B: glycosidic bonds,OPTION B IS CORRECT.,b,b,True
A: oral acyclovir,OPTION B IS CORRECT.,b,a,False
E: surgical gastropexy,OPTION E IS CORRECT.,e,e,True
B: distributive shock with warm skin,OPTION B IS CORRECT.,b,b,True
B: head mri,OPTION B IS CORRECT.,b,b,True
B: intravenous thiamine,OPTION A IS CORRECT.,a,b,False
D: trichomonas vaginalis,OPTION D IS CORRECT.,d,d,True
C: acetylcholine,OPTION C IS CORRECT.,c,c,True
D: atropine and pralidoxime,OPTION C IS CORRECT.,c,d,False
C: endochondral ossification,OPTION C IS CORRECT.,c,c,True
A: her2,OPTION D IS CORRECT.,d,a,False
D: na+/cl- cotransporter in the membranes of epithelial cells in the distal convoluted tubule,OPTION D IS CORRECT.,d,d,True
A: itraconazole,OPTION A IS CORRECT.,a,a,True
E: squeezing the nostrils manually for 10 minutes with the head elevated,OPTION C IS CORRECT.,c,e,False
D: infection,OPTION D IS CORRECT.,d,d,True
C: projection,OPTION C IS CORRECT.,c,c,True
B: chikungunya virus,OPTION D IS CORRECT.,d,b,False
D: accept the patient's wishes and ensure he receives appropriate care.,OPTION D IS CORRECT.,d,d,True
B: compression ultrasonography,OPTION B IS CORRECT.,b,b,True
A: headache and tinnitus,OPTION A IS CORRECT.,a,a,True
C: carotid baroreceptor firing activity,OPTION A IS CORRECT.,a,c,False
E: emergency open surgical repair,OPTION C IS CORRECT.,c,e,False
B: recurrent laryngeal nerve injury,OPTION B IS CORRECT.,b,b,True
B: isolated gonadotropin-releasing hormone (gnrh) deficiency,OPTION C IS CORRECT.,c,b,False
E: phosphodiesterase inhibitor,OPTION D IS CORRECT.,d,e,False
C: d-glutamate capsule,OPTION E IS CORRECT.,e,c,False
C: staphylococcus aureus,OPTION C IS CORRECT.,c,c,True
E: e,OPTION A IS CORRECT.,a,e,False
D: posterior cerebral artery,OPTION D IS CORRECT.,d,d,True
B: breastfeeding jaundice,OPTION B IS CORRECT.,b,b,True
C: it is a diagnosis of exclusion,OPTION B IS CORRECT.,c,c,True
D: sympathetic nervous system activation,OPTION D IS CORRECT.,d,d,True
E: surgical pinning of the right hip,OPTION D IS CORRECT.,d,e,False
A: leydig cell tumor,OPTION B IS CORRECT.,b,a,False
D: nocturnal penile tumescence testing,OPTION D IS CORRECT.,d,d,True
B: amoxicillin-clavulanic acid,OPTION B IS CORRECT.,b,b,True
B: oral prednisone,OPTION C IS CORRECT.,c,b,False
C: borderline personality disorder,OPTION C IS CORRECT.,c,c,True
D: papillary necrosis,OPTION D IS CORRECT.,d,d,True
C: excess weight,OPTION C IS CORRECT.,c,c,True
E: negative selection,OPTION C IS CORRECT.,c,e,False
"A: μ, κ, and ẟ receptor antagonist",OPTION B IS CORRECT.,b,a,False
A: sarcoidosis,OPTION C IS CORRECT.,c,a,False
A: cn x,OPTION B IS CORRECT.,b,a,False
D: reidel thyroiditis,OPTION D IS CORRECT.,d,d,True
D: principal cells; aldosterone,OPTION D IS CORRECT.,d,d,True
D: hsv-1,OPTION D IS CORRECT.,d,d,True
B: respect the patient's prior wishes and do not resuscitate,OPTION B IS CORRECT.,b,b,True
D: synchronized cardioversion,OPTION D IS CORRECT.,d,d,True
D: spherocytes,OPTION D IS CORRECT.,d,d,True
B: elbow flexion,OPTION C IS CORRECT.,c,b,False
C: shellfish,OPTION C IS CORRECT.,c,c,True
D: arterial emboli,OPTION C IS CORRECT.,c,d,False
B: hypokalemia,OPTION C IS CORRECT.,c,b,False
A: increase in false negative test results,OPTION A IS CORRECT.,a,a,True
C: increases levels of fetal hemoglobin (hgbf),OPTION C IS CORRECT.,c,c,True
D: potassium,OPTION C IS CORRECT.,c,d,False
D: hair tourniquet syndrome,OPTION D IS CORRECT.,d,d,True
E: omeprazole,OPTION B IS CORRECT.,b,e,False
"C: dexamethasome, racemic epinephrine and observation for 4 hours; discharge if stridor remits",OPTION D IS CORRECT.,d,c,False
"D: conversion of a protein from an a-helix to a ß-pleated form, which resists degradation.",OPTION E IS CORRECT.,e,d,False
A: anti-sjögren's syndrome type b (ss-b) antibody,OPTION A IS CORRECT.,a,a,True
D: tiotropium,OPTION D IS CORRECT.,d,d,True
C: impaired migration of gnrh neurons,OPTION C IS CORRECT.,c,c,True
A: inform the patient that romantic relationships with current patients are unethical.,OPTION D IS CORRECT.,d,a,False
C: it consists of a largely circumscribed granuloma with epithelioid cells with langhans cells.,OPTION B IS CORRECT.,e,c,False
D: phosphoinositol system,OPTION B IS CORRECT.,b,d,False
A: monochorionic-diamniotic monozygotic,OPTION B IS CORRECT.,b,a,False
A: deep venous thrombosis,OPTION E IS CORRECT.,e,a,False
D: decreased antidiuretic hormone secretion,OPTION B IS CORRECT.,b,d,False
D: sensory loss,OPTION B IS CORRECT.,b,d,False
"A: ph = 7.5, pco2 = 50 mm hg, hco32- = 38 meq/l",OPTION B IS CORRECT.,b,a,False
D: retrograde cytoskeletal motor protein,OPTION E IS CORRECT.,e,d,False
B: inflammation of the gallbladder wall,OPTION D IS CORRECT.,d,b,False
E: adaptation in binding proteins,OPTION C IS CORRECT.,c,e,False
B: surgical excision,OPTION B IS CORRECT.,b,b,True
B: 25/5 mmhg,OPTION B IS CORRECT.,b,b,True
C: tympanostomy tube insertion,OPTION B IS CORRECT.,b,c,False
B: citrate,OPTION B IS CORRECT.,b,b,True
A: hallucinations,OPTION A IS CORRECT.,a,a,True
D: cefepime and levofloxacin,OPTION D IS CORRECT.,d,d,True
C: schizoaffective disorder,OPTION D IS CORRECT.,d,c,False
E: vascular dementia,OPTION E IS CORRECT.,e,e,True
"A: """"""let's talk about what makes it difficult for you to take your medications.""""""",OPTION A IS CORRECT.,b,a,False
A: ultrasonography of the neck,OPTION A IS CORRECT.,a,a,True
"B: discontinue methimazole, start propylthiouracil",OPTION A IS CORRECT.,a,b,False
D: spinal stenosis,OPTION C IS CORRECT.,c,d,False
B: anaphylactic transfusion reactions,OPTION D IS CORRECT.,d,b,False
D: granulomas with giant cells,OPTION C IS CORRECT.,c,d,False
E: change lisinopril to losartan,OPTION E IS CORRECT.,e,e,True
B: mu receptor agonist,OPTION B IS CORRECT.,b,b,True
C: thrombotic thrombocytopenic purpura,OPTION D IS CORRECT.,d,c,False
D: exploratory laparotomy,OPTION B IS CORRECT.,b,d,False
"B: muscle relaxation time: increased, cytosolic calcium concentration: increased",OPTION E IS CORRECT.,e,b,False
A: percutaneous coronary intervention,OPTION A IS CORRECT.,a,a,True
D: history of abdominal surgery,OPTION D IS CORRECT.,d,d,True
E: continuous mucosal damage,OPTION D IS CORRECT.,d,e,False
B: t-cell receptor signaling,OPTION C IS CORRECT.,c,b,False
E: presence of smudge cells,OPTION B IS CORRECT.,b,e,False
D: sodium bicarbonate,OPTION B IS CORRECT.,b,d,False
A: thick and thin blood smear,OPTION A IS CORRECT.,a,a,True
D: streptomycin,OPTION A IS CORRECT.,a,d,False
C: central retinal artery occlusion,OPTION C IS CORRECT.,c,c,True
A: patent foramen ovale,OPTION C IS CORRECT.,c,a,False
D: replace potassium intravenously,OPTION C IS CORRECT.,c,d,False
B: fluphenazine,OPTION B IS CORRECT.,b,b,True
B: membrano proliferative glomerulonephritis (mpgn),OPTION B IS CORRECT.,b,b,True
C: s3 gallop,OPTION C IS CORRECT.,c,c,True
D: it reflects a smaller sample size,OPTION A IS CORRECT.,d,d,True
E: centrilobular hepatocytes,OPTION E IS CORRECT.,e,e,True
A: propofol,OPTION A IS CORRECT.,a,a,True
A: inhibits cell wall synthesis,OPTION B IS CORRECT.,b,a,False
E: excess collagen deposition in the extracellular matrix of the lung,OPTION C IS CORRECT.,c,e,False
E: clomipramine,OPTION D IS CORRECT.,d,e,False
"A: the association is not statistically significant, and low education is not a risk factor.",OPTION E IS CORRECT.,e,a,False
C: neural tube defect,OPTION E IS CORRECT.,e,c,False
C: d-dimer,OPTION C IS CORRECT.,c,c,True
C: dip has more neutrophils and fewer monocytes than pip,OPTION B IS CORRECT.,b,c,False
D: temporomandibular joint dysfunction,OPTION D IS CORRECT.,d,d,True
D: atelectasis,OPTION D IS CORRECT.,d,d,True
E: ct scan of the head,OPTION C IS CORRECT.,c,e,False
E: continue antitubercular therapy and antiretroviral therapy without any change,OPTION B IS CORRECT.,b,e,False
B: pyriform sinus fistula,OPTION D IS CORRECT.,d,b,False
A: bladder tumor,OPTION C IS CORRECT.,c,a,False
A: decreased glucose uptake by adipocytes,OPTION B IS CORRECT.,b,a,False
B: endoscopic retrograde cholangiopancreatography (ercp),OPTION E IS CORRECT.,e,b,False
B: eplerenone,OPTION B IS CORRECT.,b,b,True
A: 1 month of associated symptoms,OPTION B IS CORRECT.,b,a,False
C: involuntary hospitalization after informing the parents,OPTION C IS CORRECT.,c,c,True
A: bacillary angiomatosis,OPTION D IS CORRECT.,d,a,False
C: plague,OPTION C IS CORRECT.,c,c,True
C: molluscum contagiosum,OPTION C IS CORRECT.,c,c,True
B: reaction formation,OPTION B IS CORRECT.,b,b,True
A: dietary changes,OPTION C IS CORRECT.,c,a,False
D: heat stroke,OPTION A IS CORRECT.,a,d,False
B: gynecomastia,OPTION B IS CORRECT.,b,b,True
A: clear cell adenocarcinoma,OPTION A IS CORRECT.,a,a,True
A: lowering citalopram dose,OPTION D IS CORRECT.,d,a,False
"C: fludarabine, cyclophosphamide, rituximab",OPTION C IS CORRECT.,c,c,True
B: left circumflex artery,OPTION B IS CORRECT.,b,b,True
E: thoracic aortic aneurysm,OPTION E IS CORRECT.,e,e,True
A: primary biliary cirrhosis,OPTION A IS CORRECT.,a,a,True
B: dantrolene,OPTION B IS CORRECT.,b,b,True
A: administration of oral ketorolac,OPTION B IS CORRECT.,b,a,False
C: pneumonia,OPTION C IS CORRECT.,c,c,True
C: topical metronidazole,OPTION E IS CORRECT.,e,c,False
C: increased right ventricular afterload,OPTION A IS CORRECT.,a,c,False
C: selective albuminuria,OPTION B IS CORRECT.,b,c,False
C: notochord,OPTION B IS CORRECT.,b,c,False
E: ruptured ovarian cyst,OPTION D IS CORRECT.,d,e,False
B: increased peak tricuspid regurgitation,OPTION B IS CORRECT.,b,b,True
B: fluoxetine,OPTION B IS CORRECT.,b,b,True
E: well-defined cystic lesion with peritrabecular fibrosis,OPTION A IS CORRECT.,a,e,False
A: brief psychotic disorder,OPTION B IS CORRECT.,b,a,False
D: age,OPTION D IS CORRECT.,d,d,True
"E: inhibition of the 60s ribosomal subunit, resulting in decreased protein synthesis in gastrointestinal mucosal cells",OPTION A IS CORRECT.,a,e,False
E: wilson disease,OPTION D IS CORRECT.,d,e,False
E: tracheobronchial rupture,OPTION B IS CORRECT.,b,e,False
E: cardiac tamponade,OPTION D IS CORRECT.,d,e,False
B: lactotrophs,OPTION B IS CORRECT.,b,b,True
E: ventricular septal defect,OPTION C IS CORRECT.,c,e,False
A: support pessary,OPTION A IS CORRECT.,a,a,True
E: infundibulopelvic ligament,OPTION C IS CORRECT.,c,e,False
C: smudge cells,OPTION E IS CORRECT.,e,c,False
C: chlamydia trachomatis,OPTION C IS CORRECT.,c,c,True
B: inosine monophosphate dehydrogenase,OPTION C IS CORRECT.,c,b,False
D: mismatch repair,OPTION D IS CORRECT.,d,d,True
D: gastric peptic ulcer,OPTION D IS CORRECT.,d,d,True
B: prevent excess anterior translation of the tibia relative to the femur,OPTION B IS CORRECT.,b,b,True
C: oxidization of fe2+ to fe3+,OPTION B IS CORRECT.,b,c,False
C: sodium hypochlorite,OPTION C IS CORRECT.,c,c,True
B: pseudocyesis,OPTION C IS CORRECT.,c,b,False
D: alcohol use disorder,OPTION D IS CORRECT.,d,d,True
E: conjugation with a protein carrier provides effective protection to infants,OPTION C IS CORRECT.,c,e,False
E: influx of calcium,OPTION E IS CORRECT.,e,e,True
"A: rifampin alters normal gastrointestinal flora, which leads to a decrease in the enterohepatic circulation of estrogens.",OPTION A IS CORRECT.,a,a,True
B: dermatofibroma,OPTION E IS CORRECT.,e,b,False
A: coronary artery aneurysm,OPTION D IS CORRECT.,d,a,False
C: marijuana,OPTION B IS CORRECT.,b,c,False
E: superior mesenteric artery,OPTION B IS CORRECT.,b,e,False
D: the observed number of deaths divided by the expected number of deaths,OPTION D IS CORRECT.,d,d,True
D: hypoxanthine-guanine phosphoribosyl transferase of the purine metabolism pathway,OPTION C IS CORRECT.,c,d,False
E: zinc,OPTION E IS CORRECT.,e,e,True
B: repeat antibody screening at 28 weeks. administer anti-d immunoglobulin at 28 weeks and after delivery if the newborn is rh(d) positive.,OPTION B IS CORRECT.,e,b,False
C: parasitic infection,OPTION C IS CORRECT.,c,c,True
B: decreased complement levels,OPTION D IS CORRECT.,d,b,False
D: food-borne illness,OPTION D IS CORRECT.,d,d,True
D: inhibition of vitamin k-dependent clotting factors,OPTION D IS CORRECT.,d,d,True
A: benztropine,OPTION A IS CORRECT.,a,a,True
E: minimal change disease,OPTION B IS CORRECT.,b,e,False
B: mutation of dna gyrase,OPTION B IS CORRECT.,b,b,True
C: diazepam,OPTION B IS CORRECT.,b,c,False
D: inhibition of lipase,OPTION A IS CORRECT.,a,d,False
C: triamterene,OPTION A IS CORRECT.,a,c,False
E: dog bite,OPTION E IS CORRECT.,e,e,True
C: presence of immunoglobulin bands on cerebrospinal fluid immunofixation,OPTION E IS CORRECT.,e,c,False
A: case-control study,OPTION D IS CORRECT.,d,a,False
E: sodium bicarbonate,OPTION A IS CORRECT.,a,e,False
"C: low iga, normal igg, and igm",OPTION B IS CORRECT.,b,c,False
E: elevated serum creatine kinase,OPTION A IS CORRECT.,a,e,False
D: elevate posterior fornix,OPTION B IS CORRECT.,b,d,False
C: insulin resistance,OPTION C IS CORRECT.,c,c,True
E: runs posteriorly from the medial femoral condyle,OPTION B IS CORRECT.,b,e,False
"E: increased aa gradient, decreased surface area for diffusion, increased diffusion distance",OPTION C IS CORRECT.,c,e,False
B: babesiosis,OPTION A IS CORRECT.,a,b,False
E: atrial myxoma,OPTION E IS CORRECT.,e,e,True
B: classical hodgkin’s lymphoma (hl),OPTION B IS CORRECT.,b,b,True
A: bethanechol and intermittent straight catheterization,OPTION A IS CORRECT.,a,a,True
C: echocardiogram,OPTION B IS CORRECT.,b,c,False
A: indomethacin,OPTION A IS CORRECT.,a,a,True
A: boys are more commonly affected than girls,OPTION B IS CORRECT.,b,a,False
A: chlorine-based solution,OPTION B IS CORRECT.,b,a,False
A: alanine,OPTION E IS CORRECT.,e,a,False
"E: dimercaptosuccinic acid (dmsa), also known as succimer",OPTION E IS CORRECT.,e,e,True
A: femoral neck fracture,OPTION A IS CORRECT.,a,a,True
B: alveolar hypoventilation,OPTION B IS CORRECT.,b,b,True
E: ask the son to step out so you can speak with the patient alone,OPTION E IS CORRECT.,e,e,True
B: increased activity of d cells,OPTION D IS CORRECT.,b,b,True
B: capsular invasion,OPTION B IS CORRECT.,b,b,True
B: tumor stage,OPTION B IS CORRECT.,b,b,True
C: adenosine deaminase deficiency,OPTION A IS CORRECT.,a,c,False
A: atp7a,OPTION E IS CORRECT.,e,a,False
B: gonadectomy,OPTION B IS CORRECT.,b,b,True
C: gastritis,OPTION C IS CORRECT.,c,c,True
D: decreased iron-binding capacity,OPTION B IS CORRECT.,b,d,False
D: measure serum drug concentration,OPTION B IS CORRECT.,b,d,False
A: acute calculous cholecystitis,OPTION A IS CORRECT.,a,a,True
B: muellerian agenesis,OPTION B IS CORRECT.,b,b,True
B: gastrohepatic ligament,OPTION C IS CORRECT.,c,b,False
D: perforated gastric peptic ulcer,OPTION D IS CORRECT.,d,d,True
D: begin warfarin and heparin,OPTION A IS CORRECT.,a,d,False
D: case-control,OPTION A IS CORRECT.,a,d,False
D: extending fine striations,OPTION D IS CORRECT.,d,d,True
A: generalized anxiety disorder,OPTION A IS CORRECT.,a,a,True
A: systolic murmur that increases with hand clenching,OPTION A IS CORRECT.,a,a,True
E: blunting of costophrenic angle,OPTION D IS CORRECT.,d,e,False
E: ventral thalamus,OPTION B IS CORRECT.,b,e,False
D: von willebrand disease,OPTION E IS CORRECT.,e,d,False
C: flexor pollicis longus tendon,OPTION C IS CORRECT.,c,c,True
A: imbalance of fluid secretion and resorption by tunica vaginalis,OPTION B IS CORRECT.,b,a,False
A: emergent fasciotomy,OPTION A IS CORRECT.,a,a,True
B: varicella,OPTION B IS CORRECT.,b,b,True
B: conservative management with iv fluid hydration and observation,OPTION A IS CORRECT.,a,b,False
E: its activity depends on ph and is greatly reduced in the presence of organic matter,OPTION D IS CORRECT.,d,e,False
B: tinea cruris,OPTION B IS CORRECT.,b,b,True
B: the baby’s oocytes are arrested in prophase,OPTION A IS CORRECT.,a,b,False
E: folic acid supplementation,OPTION E IS CORRECT.,e,e,True
B: sitagliptin,OPTION A IS CORRECT.,a,b,False
C: airway remodeling,OPTION C IS CORRECT.,c,c,True
B: platelet activating factor,OPTION E IS CORRECT.,a,b,False
A: ct scan of the head,OPTION E IS CORRECT.,e,a,False
B: factorial design study,OPTION B IS CORRECT.,b,b,True
C: iodine deficiency,OPTION C IS CORRECT.,c,c,True
E: acute hepatitis b,OPTION E IS CORRECT.,e,e,True
B: antibodies directed against phospholipids,OPTION B IS CORRECT.,b,b,True
D: prednisone,OPTION D IS CORRECT.,d,d,True
C: streptococcus pneumoniae,OPTION B IS CORRECT.,b,c,False
B: complement inhibitor deficiency,OPTION B IS CORRECT.,b,b,True
D: functional residual capacity,OPTION D IS CORRECT.,d,d,True
A: ornithine and carbamoyl phosphate to citrulline,OPTION B IS CORRECT.,b,a,False
B: germ cells,OPTION A IS CORRECT.,a,b,False
A: organic acids competing with urate for tubular secretion,OPTION B IS CORRECT.,b,a,False
"C: treat with three weekly injections of penicillin, obtain titers in 6 months",OPTION C IS CORRECT.,c,c,True
B: cholelithiasis,OPTION C IS CORRECT.,c,b,False
"C: 3 months prior to conception, begin a restricted diet to lower phenylalanine levels to below 6 mg/dl",OPTION B IS CORRECT.,b,c,False
D: aortic regurgitation,OPTION D IS CORRECT.,d,d,True
C: isosorbide dinitrate,OPTION C IS CORRECT.,c,c,True
A: bed rest and activity limitation,OPTION B IS CORRECT.,b,a,False
B: osmotic diuresis,OPTION D IS CORRECT.,d,b,False
D: peroxisome proliferator-activated receptor gamma,OPTION D IS CORRECT.,d,d,True
E: anti-glomerular basement membrane antibodies,OPTION B IS CORRECT.,b,e,False
A: major depressive disorder,OPTION E IS CORRECT.,e,a,False
A: pyridostigmine,OPTION A IS CORRECT.,a,a,True
C: international normalized ratio,OPTION C IS CORRECT.,c,c,True
D: p/d1 cells,OPTION B IS CORRECT.,b,d,False
D: negative predictive value,OPTION C IS CORRECT.,c,d,False
E: ca 19-9,OPTION E IS CORRECT.,e,e,True
E: continue normal breast feeding,OPTION E IS CORRECT.,e,e,True
D: urethral hypermobility,OPTION D IS CORRECT.,d,d,True
C: iv fluids and mannitol,OPTION E IS CORRECT.,e,c,False
D: proximal tubule,OPTION D IS CORRECT.,d,d,True
B: absence of udp-glucuronosyltransferase-1a1,OPTION B IS CORRECT.,b,b,True
B: b,OPTION A IS CORRECT.,a,b,False
D: malabsorption of fatty acids,OPTION C IS CORRECT.,c,d,False
C: ichthyosis vulgaris,OPTION C IS CORRECT.,c,c,True
C: cervical trauma,OPTION D IS CORRECT.,d,c,False
A: administer iv fluids and insulin,OPTION A IS CORRECT.,a,a,True
B: late systolic crescendo murmur at the apex with mid-systolic click,OPTION A IS CORRECT.,a,b,False
B: they occur only during non-rem sleep,OPTION C IS CORRECT.,c,b,False
D: hyperpermeability of superficial dermal microvasculature,OPTION D IS CORRECT.,d,d,True
B: secondary hyperparathyroidism,OPTION B IS CORRECT.,b,b,True
E: amlodipine,OPTION B IS CORRECT.,b,e,False
A: α-ketoglutarate dehydrogenase,OPTION B IS CORRECT.,b,a,False
B: decreased progesterone,OPTION D IS CORRECT.,d,b,False
B: interventricular foramen,OPTION B IS CORRECT.,b,b,True
E: vitamin k deficiency,OPTION E IS CORRECT.,e,e,True
D: mitral valve regurgitation,OPTION B IS CORRECT.,b,d,False
E: iv fluids and monitoring,OPTION A IS CORRECT.,a,e,False
D: nystatin,OPTION D IS CORRECT.,d,d,True
E: pyoverdine,OPTION C IS CORRECT.,c,e,False
B: cells staining positive for cd15 and cd30,OPTION B IS CORRECT.,b,b,True
D: crown-rump length,OPTION D IS CORRECT.,d,d,True
D: elongated and thickened pylorus on abdominal ultrasound,OPTION D IS CORRECT.,d,d,True
D: the child should be administered a single dose of oral azithromycin.,OPTION D IS CORRECT.,c,d,False
B: cytogenetics,OPTION B IS CORRECT.,b,b,True
B: intravenous ciprofloxacin and vancomycin therapy,OPTION B IS CORRECT.,b,b,True
C: metabolic alkalosis,OPTION C IS CORRECT.,c,c,True
D: pol gene mutation,OPTION B IS CORRECT.,b,d,False
A: alendronate,OPTION A IS CORRECT.,a,a,True
A: she fears not being able to escape similar situations.,OPTION D IS CORRECT.,d,a,False
D: vagal stimulation,OPTION C IS CORRECT.,c,d,False
A: 4%,OPTION B IS CORRECT.,b,a,False
A: tearing of the middle meningeal artery,OPTION C IS CORRECT.,c,a,False
E: reducing daily insulin dose,OPTION E IS CORRECT.,e,e,True
A: chlorine dioxide,OPTION A IS CORRECT.,a,a,True
B: transient hypertrophic cardiomyopathy,OPTION D IS CORRECT.,d,b,False
B: spinal metastasis,OPTION B IS CORRECT.,b,b,True
D: modafinil,OPTION D IS CORRECT.,d,d,True
A: cooling the dialysate,OPTION A IS CORRECT.,a,a,True
B: increased tryptophan intake,OPTION B IS CORRECT.,b,b,True
"D: methylprednisolone, plasmapheresis, and cyclophosphamide",OPTION A IS CORRECT.,a,d,False
A: intracellular receptors,OPTION C IS CORRECT.,c,a,False
C: iv steroids,OPTION A IS CORRECT.,a,c,False
B: blocks microtubule formation,OPTION B IS CORRECT.,b,b,True
C: posterior urethral valves,OPTION C IS CORRECT.,c,c,True
C: filgrastim,OPTION C IS CORRECT.,c,c,True
C: hyaline membranes lining the alveoli on lung biopsy,OPTION C IS CORRECT.,c,c,True
B: choledocholithiasis,OPTION B IS CORRECT.,b,b,True
D: v/q scan,OPTION C IS CORRECT.,c,d,False
C: cyclophosphamide,OPTION B IS CORRECT.,b,c,False
E: currently menstruating,OPTION B IS CORRECT.,b,e,False
E: group d streptococci,OPTION C IS CORRECT.,c,e,False
D: sargramostim,OPTION A IS CORRECT.,a,d,False
C: check serum electrolytes,OPTION C IS CORRECT.,c,c,True
"E: perform percutaneous drainage
""",OPTION A IS CORRECT.,a,e,False
C: add a sulfonylurea,OPTION A IS CORRECT.,c,c,True
A: alpha-ketoglutarate + nad+ + coa <=> succinyl-coa + co2 + nadh,OPTION D IS CORRECT.,d,a,False
D: treat and transfer the patient after she makes a written request,OPTION D IS CORRECT.,c,d,False
D: muscarinic antagonist,OPTION D IS CORRECT.,d,d,True
E: failure of paramesonephric duct development,OPTION E IS CORRECT.,e,e,True
B: elevated serum ca-125 level,OPTION B IS CORRECT.,b,b,True
B: ultrasound,OPTION C IS CORRECT.,c,b,False
C: propranolol,OPTION B IS CORRECT.,b,c,False
B: hypothesis testing cannot be performed,OPTION D IS CORRECT.,d,b,False
C: cell wall cross-linking inhibitor,OPTION E IS CORRECT.,e,c,False
E: pyrantel pamoate,OPTION C IS CORRECT.,c,e,False
A: central fusion of the inferior poles of the kidneys,OPTION C IS CORRECT.,c,a,False
E: impaired urine concentration ability,OPTION D IS CORRECT.,d,e,False
A: inferior vena cava,OPTION B IS CORRECT.,b,a,False
B: 250/25,OPTION C IS CORRECT.,c,b,False
C: paroxetine,OPTION E IS CORRECT.,e,c,False
C: he may work longer shifts,OPTION E IS CORRECT.,e,c,False
E: increased norepinephrine at the sinoatrial node,OPTION E IS CORRECT.,e,e,True
D: surgical resection,OPTION B IS CORRECT.,b,d,False
E: a western blot will show increased hif-1α compared to a normoxic control.,OPTION B IS CORRECT.,b,e,False
E: proteinuria,OPTION D IS CORRECT.,d,e,False
B: relative protein intake,OPTION B IS CORRECT.,b,b,True
B: cell-free dna testing,OPTION D IS CORRECT.,d,b,False
D: macrophage,OPTION C IS CORRECT.,c,d,False
E: factor xii,OPTION C IS CORRECT.,c,e,False
D: night blindness,OPTION D IS CORRECT.,d,d,True
D: type ii pneumocytes,OPTION D IS CORRECT.,d,d,True
C: prolonged qt interval,OPTION D IS CORRECT.,d,c,False
B: 480 mg,OPTION B IS CORRECT.,b,b,True
A: gastroenteritis,OPTION A IS CORRECT.,a,a,True
C: triazolam,OPTION C IS CORRECT.,c,c,True
B: gi upset,OPTION E IS CORRECT.,e,b,False
E: aortic valve stenosis,OPTION D IS CORRECT.,d,e,False
C: increased production of nitric oxide,OPTION C IS CORRECT.,c,c,True
D: “i can not help you due to the ethical principle of nonmaleficence.”,OPTION D IS CORRECT.,d,d,True
E: il-4,OPTION E IS CORRECT.,e,e,True
C: duodenal atresia,OPTION D IS CORRECT.,d,c,False
C: beta-1 adrenergic receptor,OPTION C IS CORRECT.,c,c,True
C: deferoxamine,OPTION C IS CORRECT.,c,c,True
B: meningocele,OPTION D IS CORRECT.,d,b,False
"E: ages 2 months, 6 months, and 12 months",OPTION B IS CORRECT.,b,e,False
B: ct angiogram,OPTION A IS CORRECT.,a,b,False
A: antitoxin,OPTION D IS CORRECT.,d,a,False
C: cystocele,OPTION C IS CORRECT.,c,c,True
B: crohn’s disease,OPTION B IS CORRECT.,b,b,True
A: cardiac tamponade,OPTION C IS CORRECT.,c,a,False
D: donepezil,OPTION D IS CORRECT.,d,d,True
"B: wbc/mm3 53,000; % pmn > 75%; viscosity low",OPTION B IS CORRECT.,b,b,True
A: eosin-5-maleimide binding test,OPTION B IS CORRECT.,b,a,False
E: atrophy of the striatum,OPTION E IS CORRECT.,e,e,True
E: adenocarcinoma of the lung,OPTION D IS CORRECT.,d,e,False
C: stiffening of the aorta,OPTION C IS CORRECT.,c,c,True
E: orchiopexy,OPTION E IS CORRECT.,e,e,True
A: urinalysis,OPTION A IS CORRECT.,a,a,True
A: pulmonary embolism,OPTION C IS CORRECT.,c,a,False
C: fee-for-service may incentivize physicians to increase healthcare utilization irrespective of quality,OPTION D IS CORRECT.,d,c,False
B: aspirin and heparin,OPTION B IS CORRECT.,b,b,True
E: androgen insensitivity,OPTION A IS CORRECT.,a,e,False
C: waldenstrom’s macroglobulinemia,OPTION C IS CORRECT.,c,c,True
D: hyperphosphorylated tau,OPTION C IS CORRECT.,c,d,False
C: hyperpigmentation of the liver,OPTION B IS CORRECT.,b,c,False
D: x,OPTION D IS CORRECT.,d,d,True
B: gp120,OPTION B IS CORRECT.,b,b,True
D: this mass will most likely decrease in size or disappear over time,OPTION D IS CORRECT.,d,d,True
C: lumbar puncture,OPTION A IS CORRECT.,a,c,False
B: inhibition of gonadotropin-releasing hormone release,OPTION B IS CORRECT.,b,b,True
C: substance abuse,OPTION E IS CORRECT.,e,c,False
E: moxifloxacin and admission to the medical floor,OPTION A IS CORRECT.,a,e,False
B: liquefactive necrosis,OPTION B IS CORRECT.,b,b,True
A: throat culture,OPTION C IS CORRECT.,c,a,False
C: amniotic fluid entering the endocervical veins,OPTION C IS CORRECT.,c,c,True
D: tartrate-resistant acid phosphatase,OPTION D IS CORRECT.,d,d,True
D: halothane,OPTION D IS CORRECT.,d,d,True
C: parietal cell destruction,OPTION C IS CORRECT.,c,c,True
B: hyperkalemia,OPTION B IS CORRECT.,b,b,True
D: administer lactulose,OPTION D IS CORRECT.,d,d,True
A: hyperparathyroidism,OPTION A IS CORRECT.,a,a,True
B: increase in circulating fetal hemoglobin,OPTION B IS CORRECT.,b,b,True
D: type iv hypersensitivity; cd4+ t cells,OPTION B IS CORRECT.,b,d,False
B: adenomatous polyp,OPTION B IS CORRECT.,b,b,True
C: bacillus cereus infection,OPTION D IS CORRECT.,d,c,False
D: histoplasmosis,OPTION D IS CORRECT.,d,d,True
A: pregnancy success rate with donor oocytes is similar to patients with primary ovarian failure,OPTION D IS CORRECT.,d,a,False
A: perichondrium,OPTION A IS CORRECT.,a,a,True
D: mri of the brain and spine,OPTION D IS CORRECT.,d,d,True
D: inhibition of primary active transport,OPTION C IS CORRECT.,c,d,False
C: brown recluse spider,OPTION D IS CORRECT.,d,c,False
E: area postrema,OPTION E IS CORRECT.,e,e,True
C: urinalysis,OPTION A IS CORRECT.,a,c,False
"C: high bnp, high adh, low sodium, low potassium",OPTION C IS CORRECT.,c,c,True
D: urgent endoscopic retrograde cholangiopancreatography (ecrp),OPTION D IS CORRECT.,d,d,True
D: neuroleptic malignant syndrome,OPTION D IS CORRECT.,d,d,True
B: beta-hemolytic cocci in chains,OPTION B IS CORRECT.,b,b,True
B: arylsulfatase a,OPTION D IS CORRECT.,d,b,False
D: folinic acid,OPTION D IS CORRECT.,d,d,True
D: activating natural killer cells and cytotoxic t cells,OPTION D IS CORRECT.,d,d,True
A: papillary carcinoma,OPTION A IS CORRECT.,a,a,True
D: decreased pulmonary capillary wedge pressure,OPTION D IS CORRECT.,d,d,True
D: pituitary infarction,OPTION D IS CORRECT.,d,d,True
C: cholecystitis,OPTION E IS CORRECT.,e,c,False
B: discontinue birth control and place an intrauterine device,OPTION C IS CORRECT.,c,b,False
A: administer naloxone,OPTION A IS CORRECT.,a,a,True
E: exploratory laparotomy,OPTION E IS CORRECT.,e,e,True
C: reintubate,OPTION C IS CORRECT.,c,c,True
B: insufficient production of procollagen type 1,OPTION B IS CORRECT.,b,b,True
B: antithrombin iii deficiency,OPTION A IS CORRECT.,a,b,False
D: cardiac pacing,OPTION B IS CORRECT.,b,d,False
A: 45/195,OPTION D IS CORRECT.,d,a,False
A: ulcerative colitis,OPTION D IS CORRECT.,d,a,False
"B: chronic, non-bacterial prostatitis",OPTION B IS CORRECT.,b,b,True
D: left gastroepiploic artery,OPTION B IS CORRECT.,b,d,False
C: administer hepatitis b vaccine and hbig,OPTION C IS CORRECT.,c,c,True
E: supportive care,OPTION E IS CORRECT.,e,e,True
E: tolterodine,OPTION E IS CORRECT.,e,e,True
D: sumatriptan,OPTION B IS CORRECT.,b,d,False
B: 32 breaths per minute,OPTION D IS CORRECT.,d,b,False
"D: wrap finger in moist gauze, put in a plastic bag, and place on ice",OPTION C IS CORRECT.,c,d,False
E: anovulation,OPTION D IS CORRECT.,d,e,False
C: turner syndrome,OPTION D IS CORRECT.,d,c,False
A: bleomycin,OPTION A IS CORRECT.,a,a,True
D: contrast administration,OPTION C IS CORRECT.,c,d,False
B: caspase 1,OPTION B IS CORRECT.,b,b,True
A: rough endoplasmic reticulum,OPTION A IS CORRECT.,a,a,True
C: medication reaction,OPTION B IS CORRECT.,b,c,False
A: neisseria gonorrhoeae and chlamydia trachomatis screening,OPTION A IS CORRECT.,e,a,False
A: hemolytic anemia and ataxia,OPTION B IS CORRECT.,b,a,False
A: the 99% confidence interval includes the null hypothesis.,OPTION C IS CORRECT.,b,a,False
B: gp ib,OPTION D IS CORRECT.,d,b,False
A: alendronate,OPTION A IS CORRECT.,a,a,True
A: allow vaginal delivery,OPTION D IS CORRECT.,d,a,False
E: increased renal tubular sodium reabsorption,OPTION A IS CORRECT.,a,e,False
B: amoxicillin-clavulanate,OPTION B IS CORRECT.,b,b,True
A: kwashiorkor,OPTION A IS CORRECT.,a,a,True
D: x-linked dominant,OPTION A IS CORRECT.,a,d,False
E: schizophrenia,OPTION E IS CORRECT.,e,e,True
B: mesna,OPTION B IS CORRECT.,b,b,True
C: avoidant personality disorder,OPTION C IS CORRECT.,c,c,True
"C: ph 7.36, pco2 22 mmhg, and hco3- 16 meq/l",OPTION C IS CORRECT.,c,c,True
C: ↓ hemosiderin stores,OPTION A IS CORRECT.,a,c,False
E: dilation and curettage,OPTION C IS CORRECT.,c,e,False
C: sexually transmitted infection,OPTION C IS CORRECT.,c,c,True
B: irreversible inhibition of h+/k+-atpase at parietal cells,OPTION D IS CORRECT.,d,b,False
C: fatty casts and albumin,OPTION C IS CORRECT.,c,c,True
A: measurement bias,OPTION C IS CORRECT.,c,a,False
E: nests of atypical melanocytes,OPTION C IS CORRECT.,c,e,False
A: myocardial perfusion scan under pharmacological stress,OPTION E IS CORRECT.,e,a,False
C: urine culture should be performed in this patient again.,OPTION E IS CORRECT.,e,c,False
B: omphalocele,OPTION C IS CORRECT.,c,b,False
C: melanoma,OPTION B IS CORRECT.,b,c,False
D: tachycardia,OPTION A IS CORRECT.,a,d,False
B: blue-green pigment,OPTION B IS CORRECT.,b,b,True
E: isotype switching,OPTION D IS CORRECT.,d,e,False
D: inhibition of cross-bridge cycling,OPTION D IS CORRECT.,d,d,True
A: it can lead to hydrops fetalis secondary to fetal anemia.,OPTION A IS CORRECT.,a,a,True
A: coronary artery vasospasm,OPTION A IS CORRECT.,a,a,True
"E: factitious disorder imposed on another
""",OPTION E IS CORRECT.,e,e,True
B: bladder catheterization,OPTION B IS CORRECT.,b,b,True
C: straight leg raise,OPTION C IS CORRECT.,c,c,True
A: plummer-vinson syndrome,OPTION A IS CORRECT.,a,a,True
B: sorbitol dehydrogenase,OPTION A IS CORRECT.,a,b,False
A: chronic granulomatous disease,OPTION D IS CORRECT.,d,a,False
C: initiation of abduction,OPTION C IS CORRECT.,c,c,True
A: osteophytes with joint-space narrowing on x-ray,OPTION A IS CORRECT.,a,a,True
C: chediak-higashi syndrome,OPTION C IS CORRECT.,c,c,True
B: ct angiography of the chest and give oxygen,OPTION C IS CORRECT.,c,b,False
C: inhibition of xanthine oxidase,OPTION C IS CORRECT.,c,c,True
B: administer glucagon,OPTION B IS CORRECT.,b,b,True
C: flutamide,OPTION C IS CORRECT.,c,c,True
A: hyponatremia,OPTION A IS CORRECT.,a,a,True
A: accumulation of s-adenosylmethionine,OPTION C IS CORRECT.,c,a,False
E: no further work-up needed,OPTION D IS CORRECT.,d,e,False
A: escherichia coli infection,OPTION E IS CORRECT.,e,a,False
B: determining patient’s life-expectancy without treatment,OPTION B IS CORRECT.,b,b,True
A: these cells transform to macrophages when they migrate to peripheral tissues.,OPTION D IS CORRECT.,d,a,False
B: ß-hcg,OPTION E IS CORRECT.,e,b,False
D: history in the previous pregnancy,OPTION D IS CORRECT.,d,d,True
D: medication,OPTION C IS CORRECT.,c,d,False
A: decreased lymphocyte count,OPTION D IS CORRECT.,d,a,False
A: increase in capillary pressure,OPTION A IS CORRECT.,a,a,True
A: pancreatic adenocarcinoma,OPTION A IS CORRECT.,a,a,True
B: adrenalectomy,OPTION D IS CORRECT.,d,b,False
E: efflux of calcium ions,OPTION C IS CORRECT.,c,e,False
E: intravenous hydration,OPTION B IS CORRECT.,b,e,False
B: embryonic hematopoiesis,OPTION A IS CORRECT.,a,b,False
D: cerebellar degeneration,OPTION D IS CORRECT.,d,d,True
B: short stature,OPTION D IS CORRECT.,d,b,False
D: metoprolol succinate,OPTION C IS CORRECT.,c,d,False
A: prednisone and albuterol,OPTION C IS CORRECT.,c,a,False
A: ovaries,OPTION B IS CORRECT.,b,a,False
C: varenicline,OPTION D IS CORRECT.,d,c,False
A: avoiding all dairy products,OPTION B IS CORRECT.,b,a,False
D: fractional excretion of urea (feurea),OPTION C IS CORRECT.,c,d,False
C: diffuse maculopapular rash,OPTION B IS CORRECT.,b,c,False
D: new york heart association class iii,OPTION B IS CORRECT.,b,d,False
B: multiple periventricular sclerotic plaques,OPTION B IS CORRECT.,b,b,True
B: anti-d igg,OPTION B IS CORRECT.,b,b,True
C: secondary active transporters fail to completely reabsorb glucose in the renal tubules,OPTION C IS CORRECT.,c,c,True
B: adhesive capsulitis,OPTION B IS CORRECT.,b,b,True
D: toxic exposure,OPTION C IS CORRECT.,c,d,False
A: adjust dosage of medication throughout the pregnancy,OPTION B IS CORRECT.,c,a,False
B: intravenous cefotetan and doxycycline with inpatient admission,OPTION B IS CORRECT.,b,b,True
E: 20%,OPTION B IS CORRECT.,b,e,False
D: amoxicillin,OPTION C IS CORRECT.,c,d,False
D: inhibitor of xanthine oxidase,OPTION B IS CORRECT.,b,d,False
C: creatine kinase (ck-mb),OPTION C IS CORRECT.,c,c,True
C: thumb spica cast and repeat x-rays in 2 weeks,OPTION D IS CORRECT.,d,c,False
A: periductal concentric scarring and fibrosis,OPTION A IS CORRECT.,a,a,True
C: haemophilus ducreyi,OPTION C IS CORRECT.,c,c,True
D: buspirone,OPTION D IS CORRECT.,d,d,True
E: hyponatremia,OPTION A IS CORRECT.,a,e,False
C: reassurance,OPTION C IS CORRECT.,c,c,True
B: anti-intrinsic factor antibodies,OPTION B IS CORRECT.,b,b,True
E: relapse,OPTION A IS CORRECT.,a,e,False
C: projection,OPTION C IS CORRECT.,c,c,True
E: oral mifepristone + misoprostol,OPTION C IS CORRECT.,c,e,False
B: seborrheic keratosis,OPTION B IS CORRECT.,b,b,True
C: increased residual volume and decreased 1 second forced expiratory volume,OPTION C IS CORRECT.,c,c,True
D: lymphoma,OPTION A IS CORRECT.,a,d,False
C: hysterosalpingogram,OPTION B IS CORRECT.,b,c,False
D: relative lipophobicity,OPTION D IS CORRECT.,d,d,True
B: pleural effusion,OPTION B IS CORRECT.,b,b,True
D: nadolol,OPTION D IS CORRECT.,d,d,True
D: 2-pralidoxime,OPTION D IS CORRECT.,d,d,True
A: chronic lymphocytic leukemia (cll),OPTION A IS CORRECT.,a,a,True
D: opportunistic colonization,OPTION C IS CORRECT.,c,d,False
B: dietary restriction of phenylalanine,OPTION A IS CORRECT.,a,b,False
B: a type 2 error is not possible in this case.,OPTION E IS CORRECT.,e,b,False
B: impaired iron absorption,OPTION C IS CORRECT.,c,b,False
E: rectal suction biopsy,OPTION E IS CORRECT.,e,e,True
D: ewing sarcoma,OPTION D IS CORRECT.,d,d,True
"E: ""i really haven't thought about the colonoscopy until today. worrying before getting the results wasn't going to help anything.""",OPTION E IS CORRECT.,e,e,True
A: hemoptysis,OPTION C IS CORRECT.,c,a,False
B: disulfide bond cleavage,OPTION E IS CORRECT.,e,b,False
D: meconium aspiration,OPTION D IS CORRECT.,d,d,True
D: inhibiting bacterial adherance and colonization of mucous membranes,OPTION C IS CORRECT.,c,d,False
E: opioid overdose,OPTION D IS CORRECT.,d,e,False
"B: ""i have bad news i need to share with you. please sit down so we can discuss.""",OPTION B IS CORRECT.,b,b,True
E: slit-lamp examination,OPTION B IS CORRECT.,b,e,False
C: vitamin b12 deficiency,OPTION C IS CORRECT.,c,c,True
C: testing for serum esr and autoantibodies,OPTION C IS CORRECT.,c,c,True
B: paroxysmal atrial fibrillation,OPTION B IS CORRECT.,b,b,True
E: pulmonic valve stenosis,OPTION D IS CORRECT.,d,e,False
D: levofloxacin,OPTION D IS CORRECT.,d,d,True
E: antineutrophil cytoplasmic antibodies,OPTION E IS CORRECT.,e,e,True
C: exophthalmos,OPTION B IS CORRECT.,b,c,False
B: abdominal radiograph,OPTION C IS CORRECT.,c,b,False
E: no treatment is necessary,OPTION A IS CORRECT.,a,e,False
D: deficient nitrogenous base production,OPTION B IS CORRECT.,b,d,False
C: pcr positive for chlamydia trachomatis,OPTION C IS CORRECT.,c,c,True
E: decreased atp,OPTION D IS CORRECT.,d,e,False
A: nh3 + hco3- + 2 atp --> carbamoyl phosphate + 2 adp + pi,OPTION B IS CORRECT.,b,a,False
D: methotrexate,OPTION D IS CORRECT.,d,d,True
C: administer ampicillin intrapartum,OPTION A IS CORRECT.,a,c,False
A: tetralogy of fallot,OPTION E IS CORRECT.,e,a,False
D: disseminated intravascular coagulation,OPTION A IS CORRECT.,a,d,False
E: streptococcus bovis,OPTION B IS CORRECT.,b,e,False
B: cocaine,OPTION C IS CORRECT.,c,b,False
A: this patient's apnea-hypopnea index (ahi) is more than 5.,OPTION D IS CORRECT.,a,a,True
D: radial traction on airway wall,OPTION B IS CORRECT.,b,d,False
E: transfusion reaction,OPTION C IS CORRECT.,c,e,False
A: oral morphine therapy,OPTION E IS CORRECT.,e,a,False
D: urine porphyrin levels,OPTION A IS CORRECT.,a,d,False
C: lysosomes,OPTION E IS CORRECT.,e,c,False
D: decreased gastric blood flow,OPTION B IS CORRECT.,b,d,False
A: leaden paralysis,OPTION B IS CORRECT.,b,a,False
"B: 1,500 units",OPTION B IS CORRECT.,b,b,True
E: telomerase,OPTION D IS CORRECT.,d,e,False
A: elevated tsh,OPTION D IS CORRECT.,d,a,False
A: low levels of parathyroid hormone in serum,OPTION B IS CORRECT.,b,a,False
E: yolk sac tumor,OPTION C IS CORRECT.,c,e,False
C: immediate debridement and empiric iv antibiotics,OPTION C IS CORRECT.,c,c,True
B: physostigmine,OPTION B IS CORRECT.,b,b,True
B: a septal hematoma causing a perforation,OPTION C IS CORRECT.,c,b,False
B: hair follicles,OPTION B IS CORRECT.,b,b,True
B: lateral aspect of the shoulder,OPTION D IS CORRECT.,d,b,False
A: decreased production of pge2,OPTION D IS CORRECT.,d,a,False
A: blocking reuptake of dopamine and norepinephrine,OPTION B IS CORRECT.,b,a,False
B: pramipexole,OPTION A IS CORRECT.,a,b,False
B: capillary leakage,OPTION B IS CORRECT.,b,b,True
D: heparan sulfate,OPTION E IS CORRECT.,e,d,False
E: acute lymphocytic leukemia,OPTION B IS CORRECT.,b,e,False
E: papillary carcinoma,OPTION E IS CORRECT.,e,e,True
B: th2 cells,OPTION A IS CORRECT.,a,b,False
A: left middle cerebral,OPTION A IS CORRECT.,a,a,True
B: 15%,OPTION D IS CORRECT.,d,b,False
B: cutaneous xanthomas,OPTION B IS CORRECT.,b,b,True
B: wide pulse pressure,OPTION D IS CORRECT.,d,b,False
C: transformation,OPTION E IS CORRECT.,e,c,False
D: timing of the dosing of colesevelam should be separated from this patient’s other medications.,OPTION C IS CORRECT.,c,d,False
D: 1200 milligrams,OPTION B IS CORRECT.,b,d,False
B: clostridium tetani,OPTION B IS CORRECT.,b,b,True
B: vipoma,OPTION B IS CORRECT.,b,b,True
A: supraspinatus,OPTION D IS CORRECT.,d,a,False
C: chorea,OPTION B IS CORRECT.,b,c,False
D: complete blood count,OPTION C IS CORRECT.,c,d,False
B: interaction of b7 and cd28 ligands,OPTION B IS CORRECT.,b,b,True
D: adrenocortical insufficiency,OPTION A IS CORRECT.,a,d,False
A: ketamine,OPTION D IS CORRECT.,d,a,False
D: deficiency of atp,OPTION B IS CORRECT.,b,d,False
E: propranolol,OPTION E IS CORRECT.,e,e,True
B: constriction of afferent arteriole and no effect on efferent arteriole,OPTION A IS CORRECT.,a,b,False
D: it competes with acetylcholine for binding sites in the neuromuscular junction,OPTION D IS CORRECT.,d,d,True
E: hereditary angioedema,OPTION E IS CORRECT.,e,e,True
A: oral glucose challenge test,OPTION A IS CORRECT.,a,a,True
A: glutamate capsule,OPTION A IS CORRECT.,a,a,True
C: fecal incontinence,OPTION C IS CORRECT.,c,c,True
B: pancreatic islet cell amyloid deposition,OPTION A IS CORRECT.,a,b,False
B: phyllodes tumor,OPTION B IS CORRECT.,b,b,True
E: zenker's diverticulum,OPTION E IS CORRECT.,e,e,True
A: intravenous immunoglobulin (ivig),OPTION B IS CORRECT.,b,a,False
D: blocks reuptake of norepinephrine and serotonin,OPTION D IS CORRECT.,d,d,True
"E: low-dose, no change in acth; high-dose, decreased acth",OPTION B IS CORRECT.,b,e,False
C: methadone,OPTION A IS CORRECT.,a,c,False
E: lambert-eaton syndrome,OPTION D IS CORRECT.,d,e,False
B: inquire why the patient's daughter feels her mother should not be informed of the diagnosis,OPTION C IS CORRECT.,c,b,False
A: erythroblasts with mitochondrial iron deposits,OPTION D IS CORRECT.,d,a,False
B: amiodarone,OPTION B IS CORRECT.,b,b,True
E: medial longitudinal fasciculus,OPTION A IS CORRECT.,a,e,False
D: decreased release of glycine,OPTION B IS CORRECT.,b,d,False
E: degenerative disease of the joints,OPTION D IS CORRECT.,d,e,False
C: bullous pemphigoid,OPTION C IS CORRECT.,c,c,True
A: rest and acetaminophen,OPTION B IS CORRECT.,b,a,False
D: passage of a catheter through the nasal cavity not possible,OPTION D IS CORRECT.,d,d,True
A: increased ca2+ influx in phase 4,OPTION C IS CORRECT.,c,a,False
B: cranial ultrasonography,OPTION B IS CORRECT.,b,b,True
D: hypertrophic cardiomyopathy,OPTION B IS CORRECT.,b,d,False
B: no specific management required,OPTION B IS CORRECT.,b,b,True
B: benign salivary gland tumor composed of stromal and epithelial tissue,OPTION B IS CORRECT.,b,b,True
D: reassure the mother,OPTION C IS CORRECT.,c,d,False
D: sacubitril,OPTION D IS CORRECT.,d,d,True
C: advanced sleep phase disorder,OPTION B IS CORRECT.,b,c,False
B: dual-energy x-ray bone absorptiometry,OPTION B IS CORRECT.,b,b,True
C: minimal change disease,OPTION D IS CORRECT.,d,c,False
D: rectus abdominis,OPTION B IS CORRECT.,b,d,False
D: type iv–cell-mediated (delayed) hypersensitivity reaction,OPTION D IS CORRECT.,d,d,True
C: colorectal cancer,OPTION C IS CORRECT.,c,c,True
E: 46xx,OPTION B IS CORRECT.,b,e,False
A: autosomal dominant,OPTION A IS CORRECT.,a,a,True
B: enlarges hemolytic area of staphylococcus aureus,OPTION A IS CORRECT.,a,b,False
A: rationalization,OPTION A IS CORRECT.,a,a,True
D: viral core antibody,OPTION A IS CORRECT.,a,d,False
D: increased capillary hydrostatic pressure,OPTION D IS CORRECT.,d,d,True
B: the vascular protrusion drains into the superior rectal vein.,OPTION B IS CORRECT.,b,b,True
A: adenoma,OPTION D IS CORRECT.,d,a,False
C: cyclothymic disorder,OPTION B IS CORRECT.,b,c,False
A: increased lung compliance,OPTION B IS CORRECT.,b,a,False
D: he will have pain with inversion and eversion of his foot.,OPTION A IS CORRECT.,c,d,False
B: amphotericin b and flucytosine,OPTION B IS CORRECT.,b,b,True
D: low-density lipoprotein,OPTION D IS CORRECT.,d,d,True
C: villous atrophy and crypt hypertrophy,OPTION C IS CORRECT.,c,c,True
C: avoidant personality disorder,OPTION C IS CORRECT.,c,c,True
E: vaccination,OPTION A IS CORRECT.,a,e,False
D: adverse effect of anesthetic,OPTION D IS CORRECT.,d,d,True
E: hemolytic transfusion reaction; discontinue transfusion,OPTION D IS CORRECT.,d,e,False
D: amitriptyline,OPTION D IS CORRECT.,d,d,True
C: papilledema,OPTION B IS CORRECT.,b,c,False
D: monosodium urate,OPTION D IS CORRECT.,d,d,True
D: pes anserine bursitis,OPTION D IS CORRECT.,d,d,True
D: mifepristone,OPTION D IS CORRECT.,d,d,True
A: demyelination of the medial longitudinal fasciculus,OPTION B IS CORRECT.,b,a,False
A: cilostazol,OPTION E IS CORRECT.,e,a,False
E: thoracic aortic aneurysm,OPTION E IS CORRECT.,e,e,True
E: flagellated protozoa,OPTION C IS CORRECT.,c,e,False
D: nsaids,OPTION D IS CORRECT.,d,d,True
E: corneal reflex test,OPTION E IS CORRECT.,e,e,True
C: adhesive pili,OPTION E IS CORRECT.,e,c,False
A: brownish inclusions in the pulmonary macrophages on h&e staining,OPTION C IS CORRECT.,c,a,False
C: analysis of variance,OPTION C IS CORRECT.,c,c,True
A: propranolol,OPTION C IS CORRECT.,c,a,False
A: left frontal lobe,OPTION E IS CORRECT.,e,a,False
E: dilation of the intracerebral arterioles,OPTION C IS CORRECT.,c,e,False
"C: tetanus, diphtheria, and acellular pertussis booster (tdap) vaccine",OPTION C IS CORRECT.,c,c,True
A: gram-negative bacilli,OPTION A IS CORRECT.,a,a,True
E: increased breakdown of intracellular rna,OPTION C IS CORRECT.,c,e,False
E: hla-a3,OPTION A IS CORRECT.,a,e,False
D: gluten-free diet,OPTION B IS CORRECT.,b,d,False
E: cell injury due to drug metabolites,OPTION A IS CORRECT.,a,e,False
A: can be transmitted on medical equipment even after autoclaving instruments,OPTION C IS CORRECT.,c,a,False
C: hypoparathyroidism,OPTION C IS CORRECT.,c,c,True
C: diminished ovarian reserve,OPTION C IS CORRECT.,c,c,True
A: n-acetylcysteine,OPTION A IS CORRECT.,a,a,True
C: gonadal mosaicism,OPTION C IS CORRECT.,c,c,True
C: high tsh,OPTION B IS CORRECT.,b,c,False
A: fibroadenoma,OPTION A IS CORRECT.,a,a,True
C: respect the patient's written instructions and do not adminster a blood transfusion,OPTION A IS CORRECT.,a,c,False
A: increase the frequency of blood glucose checks.,OPTION B IS CORRECT.,b,a,False
A: hyperplasia,OPTION A IS CORRECT.,a,a,True
B: reassurance and follow-up,OPTION B IS CORRECT.,b,b,True
A: no further intervention,OPTION C IS CORRECT.,c,a,False
B: ventricular septal defect,OPTION B IS CORRECT.,b,b,True
B: lipodystrophy,OPTION B IS CORRECT.,b,b,True
A: overflow proteinuria,OPTION C IS CORRECT.,c,a,False
D: t-score of -1.6,OPTION D IS CORRECT.,d,d,True
E: corynebacterium diphtheriae,OPTION C IS CORRECT.,c,e,False
C: lysosomal acid maltase,OPTION D IS CORRECT.,d,c,False
E: granulocyte-macrophage colony-stimulating factor,OPTION E IS CORRECT.,e,e,True
E: ana and anti-dsdna levels,OPTION A IS CORRECT.,a,e,False
A: bacteroides fragilis,OPTION A IS CORRECT.,a,a,True
C: psoriatic arthritis,OPTION C IS CORRECT.,c,c,True
B: required for dehydrogenase enzymes,OPTION C IS CORRECT.,c,b,False
E: sentinel node - right lumbar trunk - cisterna chyli - thoracic duct - left subclavian vein - systemic circulation,OPTION C IS CORRECT.,c,e,False
C: granulation tissue,OPTION E IS CORRECT.,e,c,False
A: angiotensin-converting-enzyme inhibitor (acei),OPTION A IS CORRECT.,a,a,True
B: abnormal cftr protein,OPTION B IS CORRECT.,b,b,True
D: fluoxetine,OPTION D IS CORRECT.,d,d,True
B: endocardial cushion,OPTION A IS CORRECT.,a,b,False
A: tumor necrosis factor-α,OPTION A IS CORRECT.,a,a,True
C: eosinophilic esophagitis,OPTION D IS CORRECT.,d,c,False
A: exertional heat stroke,OPTION A IS CORRECT.,a,a,True
D: impaired methylation of myelin phospholipids,OPTION D IS CORRECT.,d,d,True
E: reassurance,OPTION C IS CORRECT.,c,e,False
A: sofosbuvir and simeprevir,OPTION A IS CORRECT.,a,a,True
C: silent thyroiditis,OPTION C IS CORRECT.,c,c,True
B: anti-cyclic citrullinated peptide (anti-ccp) antibody,OPTION A IS CORRECT.,a,b,False
D: increased serum amyloid a production,OPTION D IS CORRECT.,d,d,True
C: copper,OPTION C IS CORRECT.,c,c,True
B: gram-positive bacteria producing exotoxin that acts via adp ribosylation,OPTION B IS CORRECT.,b,b,True
C: syringomyelia,OPTION A IS CORRECT.,a,c,False
A: increased creatine kinase concentration,OPTION D IS CORRECT.,d,a,False
E: hyperplasia of the adrenal cortex,OPTION A IS CORRECT.,a,e,False
A: hyperplasia of juxtaglomerular cells,OPTION C IS CORRECT.,c,a,False
C: hyperbaric oxygen therapy,OPTION D IS CORRECT.,d,c,False
E: right main,OPTION D IS CORRECT.,d,e,False
C: formation of noncaseating granulomas,OPTION C IS CORRECT.,c,c,True
C: osteitis deformans,OPTION E IS CORRECT.,e,c,False
B: dantrolene,OPTION B IS CORRECT.,b,b,True
C: double-positive t cell,OPTION C IS CORRECT.,c,c,True
D: posttraumatic stress disorder,OPTION D IS CORRECT.,d,d,True
E: elastase,OPTION E IS CORRECT.,e,e,True
C: rosiglitazone,OPTION B IS CORRECT.,b,c,False
A: cognitive-behavioral therapy,OPTION C IS CORRECT.,c,a,False
"D: trimethoprim, sulfamethoxazole, azithromycin",OPTION A IS CORRECT.,a,d,False
E: is transmitted by air conditioning,OPTION A IS CORRECT.,a,e,False
B: radiograph of the wrist,OPTION B IS CORRECT.,b,b,True
D: clomiphene therapy,OPTION D IS CORRECT.,d,d,True
C: acute inferior myocardial infarction,OPTION C IS CORRECT.,c,c,True
B: request further information about which drugs he has taken recently and in the past,OPTION C IS CORRECT.,c,b,False
A: botox,OPTION A IS CORRECT.,a,a,True
B: intravenous vancomycin therapy,OPTION B IS CORRECT.,b,b,True
D: iron deficiency,OPTION D IS CORRECT.,d,d,True
A: pancreas,OPTION A IS CORRECT.,a,a,True
C: bupropion lowers the seizure threshold and it should not be taken by patients with a history of seizure disorder.,OPTION E IS CORRECT.,b,c,False
A: “i'm sorry for your loss. this must be a difficult situation for you.”,OPTION A IS CORRECT.,b,a,False
E: iron deficiency,OPTION C IS CORRECT.,c,e,False
A: 67%,OPTION A IS CORRECT.,a,a,True
B: cell wall inhibitor,OPTION C IS CORRECT.,c,b,False
D: a 9-month-old boy who has had recurrent otitis media and pneumococcal pneumonia in the past three months,OPTION D IS CORRECT.,d,d,True
A: affective symptoms,OPTION B IS CORRECT.,b,a,False
C: decreased activity of udp-glucuronosyltransferase,OPTION D IS CORRECT.,d,c,False
C: hypercellular areas of spindle cells and hypocellular areas of myxoid stroma,OPTION A IS CORRECT.,a,c,False
B: decreasing sodium intake,OPTION B IS CORRECT.,b,b,True
E: propranolol therapy,OPTION C IS CORRECT.,c,e,False
A: recipient t-cells in the graft,OPTION A IS CORRECT.,a,a,True
A: proton-pump inhibitors,OPTION B IS CORRECT.,b,a,False
A: cardiac contusion,OPTION E IS CORRECT.,e,a,False
E: broad and waxy casts,OPTION A IS CORRECT.,a,e,False
B: upper gastointestinal endoscopy,OPTION A IS CORRECT.,a,b,False
C: echocardiography,OPTION C IS CORRECT.,c,c,True
A: glycine,OPTION C IS CORRECT.,c,a,False
B: anion gap metabolic acidosis,OPTION B IS CORRECT.,b,b,True
D: nasal congestion due to a viral infection,OPTION C IS CORRECT.,c,d,False
"A: hepatocytes with shrunken, eosinophilic cytoplasm and pyknotic nuclei",OPTION A IS CORRECT.,a,a,True
E: punctate bleeding spots when dermatologic scales are removed,OPTION C IS CORRECT.,c,e,False
B: proper diet and iron supplementation,OPTION B IS CORRECT.,b,b,True
E: phenoxybenzamine,OPTION B IS CORRECT.,b,e,False
C: decreased heart rate,OPTION E IS CORRECT.,e,c,False
C: craniopharyngioma,OPTION B IS CORRECT.,b,c,False
"D: administer betamethasone, ampicillin, and proceed with cesarean section",OPTION B IS CORRECT.,b,d,False
E: lysosomal enzymes,OPTION E IS CORRECT.,e,e,True
A: the future risk of open-angle glaucoma is the same in patients with and those without diabetes,OPTION A IS CORRECT.,c,a,False
B: a type 1 error occurs when the null hypothesis is true but is rejected in error.,OPTION B IS CORRECT.,e,b,False
B: myocardial infarction,OPTION E IS CORRECT.,e,b,False
C: incision and drainage,OPTION A IS CORRECT.,a,c,False
A: 9/100,OPTION B IS CORRECT.,b,a,False
C: multiple endocrine neoplasia (men) 2a,OPTION C IS CORRECT.,c,c,True
A: increased alveolar-arterial gradient,OPTION A IS CORRECT.,a,a,True
D: protein s deficiency,OPTION A IS CORRECT.,a,d,False
D: epstein barr virus (ebv),OPTION B IS CORRECT.,b,d,False
A: x-linked recessive,OPTION A IS CORRECT.,a,a,True
"E: deep vein thrombosis
""",OPTION A IS CORRECT.,a,e,False
C: mefloquine,OPTION C IS CORRECT.,c,c,True
E: men1,OPTION C IS CORRECT.,c,e,False
A: insulin production by the pancreas is insufficient for exenatide to be effective.,OPTION D IS CORRECT.,d,a,False
B: mesothelioma,OPTION D IS CORRECT.,d,b,False
C: blood glucose and cholesterol level measurements,OPTION A IS CORRECT.,a,c,False
B: 480 ml,OPTION A IS CORRECT.,a,b,False
E: prednisone,OPTION E IS CORRECT.,e,e,True
D: progestin therapy,OPTION C IS CORRECT.,c,d,False
B: efavirenz,OPTION D IS CORRECT.,d,b,False
A: ixodes scapularis,OPTION A IS CORRECT.,a,a,True
B: simvastatin,OPTION B IS CORRECT.,b,b,True
B: scalded skin syndrome,OPTION B IS CORRECT.,b,b,True
B: lichen sclerosus,OPTION B IS CORRECT.,b,b,True
B: bilateral miosis,OPTION C IS CORRECT.,c,b,False
B: laparoscopy,OPTION B IS CORRECT.,b,b,True
E: arteriovenous malformation in the colonic wall,OPTION A IS CORRECT.,a,e,False
A: vasovagal syncope,OPTION A IS CORRECT.,a,a,True
C: apply a simple shoulder sling,OPTION B IS CORRECT.,b,c,False
C: direct activation of dopamine receptors,OPTION B IS CORRECT.,b,c,False
D: retinoic acid,OPTION D IS CORRECT.,d,d,True
C: blocking antibody attack on the o antigen,OPTION E IS CORRECT.,e,c,False
A: ventricular shunting,OPTION A IS CORRECT.,a,a,True
B: surgical fusion of c1/c2,OPTION E IS CORRECT.,e,b,False
B: delirium,OPTION B IS CORRECT.,b,b,True
C: nifedipine,OPTION C IS CORRECT.,c,c,True
B: plasmodium falciparum,OPTION B IS CORRECT.,b,b,True
E: thyroid-stimulating hormone (tsh),OPTION A IS CORRECT.,a,e,False
E: medication abuse,OPTION B IS CORRECT.,b,e,False
C: stop evening exercise,OPTION B IS CORRECT.,b,c,False
C: schizotypal personality disorder,OPTION C IS CORRECT.,c,c,True
C: chronic obstructive pulmonary disease (copd),OPTION C IS CORRECT.,c,c,True
