C, The answer is B.
E, The answer is D.
C, The answer is D.
D, The answer is A.
B, The answer is B.
E, The answer is E.
D, The answer is A.
C, The answer is C.
C, The answer is C.
A,"
The answer is A."
E, The answer is D.
D, The answer is C.
B, The answer is B.
E,"
The answer is B."
D, The answer is B.
B, The answer is B.
E, The answer is D.
E, The answer is E.
B, The answer is C.
E, The answer is C.
C, The answer is A.
A, The answer is A.
D, The answer is B.
E, The answer is E.
A, The answer is A.
E, The answer is E.
E,"
The answer is E."
A, The answer is A.
D, The answer is B.
D, The answer is D.
E, The answer is E.
C, The answer is D.
E, The answer is C.
B, The answer is C.
B, The answer is E.
A, The answer is A.
E, The answer is D.
A,"
The answer is A."
E, The answer is E.
A, The answer is E.
D, The answer is D.
C, The answer is C.
A, The answer is C.
C,"
The answer is D."
B, The answer is C.
E, The answer is C.
C, The number needed to treat (NNT) for the primary endpoint of death from cardiac causes is 5.
A, The answer is A.
B, The answer is B.
D, The answer is D.
E,"
The answer is E."
A, The answer is E.
D, The answer is D.
D, The answer is B.
B, The answer is B.
B,"
The answer is B."
C,"
The answer is C."
B, The answer is D.
C, The answer is C.
A, The answer is B.
D, The answer is D.
A,"
The answer is A."
D, The answer is A.
A, The answer is D.
A, The answer is E.
C,"
The answer is B."
D, The answer is D.
C, The answer is A.
D, The answer is B.
A, The answer is A.
A, The answer is A.
A, The answer is A.
C, The answer is E.
B, The answer is E.
C, The answer is D.
A,"
The answer is D."
B, The answer is B.
B, The answer is D.
D, The answer is C.
C, The answer is C.
B,"
The answer is C."
B, The answer is D.
C,"
The answer is E."
B,"
The answer is E."
D, The answer is A.
C, The answer is C.
C, The answer is D.
D, The answer is C.
C, The answer is B.
C, The answer is A.
E, The answer is E.
B, The answer is B.
D, The answer is B.
E, The answer is A.
C, The answer is E.
D, The answer is C.
A, The answer is B.
B,"
The answer is B."
C,"
The answer is C."
C, The answer is D.
E, The answer is B.
A, The answer is B.
A,"
The answer is D."
A, The answer is A.
C, The answer is B.
B, The answer is B.
C,"
The answer is D."
A,"
The answer is D."
E,"
The answer is B."
C, The answer is C.
D, The answer is E.
C, The answer is B.
B, The answer is B.
D, The answer is C.
D, The answer is C.
E,"
The answer is D."
D, The answer is B.
D, The answer is C.
E, The answer is A.
C, The answer is C.
D, The answer is D.
B, The answer is B.
E, The answer is E.
A, The answer is D.
B,"
The answer is B."
A,"
The answer is B."
A, The answer is A.
D, The answer is D.
A, The answer is E.
A, The answer is A.
B, The answer is B.
B,"
The answer is B."
A, The answer is A.
B, The answer is E.
A,"
The answer is A."
C, The answer is E.
D, The answer is A.
E, The answer is D.
C, The answer is C.
D,"
The answer is D."
D, The answer is B.
A, The answer is C.
A, The answer is A.
B, The answer is B.
D,"
The answer is A."
D, The answer is C.
D, The answer is E.
D, The answer is E.
B, The answer is A.
E, The answer is E.
A, The answer is D.
E, The answer is C.
A,"
The answer is C."
A, The answer is C.
D, The answer is A.
E, The answer is B.
B, The answer is B.
A, The answer is A.
D, The answer is C.
C, The answer is C.
D, The answer is E.
B, The answer is B.
D, The answer is E.
A,"
The answer is C."
A, The answer is E.
B,"
The answer is D."
B, The answer is B.
D, The answer is C.
B, The answer is A.
D,"
The answer is B."
C,"
The answer is D."
D, The answer is B.
C,"
The answer is B."
A, The answer is B.
E,"
The answer is E."
D, The answer is A.
E, The answer is E.
D, The answer is A.
D, The answer is E.
D, The answer is D.
B, The answer is A.
E,"
The answer is B."
B, The answer is B.
E, The answer is E.
B, The answer is A.
D, The answer is A.
C, The answer is C.
B, The answer is B.
E, The answer is C.
C, The answer is A.
A, The answer is B.
D, The answer is C.
E, The answer is E.
C,"
The answer is C."
C, The answer is E.
C,"
The answer is C."
A,"
The answer is A."
C, The answer is C.
E, The answer is C.
D,"
The answer is B."
B, The answer is C.
B, The answer is B.
D, The answer is B.
A, The answer is B.
C,"
The answer is A."
B, The answer is B.
D,"
The answer is D."
A,"
The answer is A."
B,"
The answer is B."
A, The answer is D.
C,"
The answer is A."
B, The answer is D.
E, The answer is A.
A, The answer is A.
B, The answer is C.
D, The answer is B.
E, The answer is B.
D, The answer is D.
E,"
The answer is D."
A, The answer is C.
D,"
The answer is B."
A,"
The answer is A."
D, The answer is B.
A, The answer is E.
C, The answer is E.
C, The answer is B.
D, The answer is D.
D, The answer is B.
A, The answer is B.
E, The answer is E.
C, The answer is C.
A, The answer is C.
D, The answer is D.
B,"
The answer is C."
D, The answer is C.
B, The answer is B.
A, The answer is A.
B, The answer is D.
B, The answer is C.
A, The answer is E.
E, The answer is E.
B, The answer is C.
A, The answer is E.
A, The answer is C.
E,"
The answer is C."
D, The answer is A.
A, The answer is B.
D, The answer is B.
C,"
The answer is C."
B,"
The answer is B."
A,"
The answer is D."
B, The answer is B.
A, The answer is B.
D, The answer is E.
A, The answer is A.
C,"
The answer is E."
D, The answer is C.
D, The answer is D.
E, The answer is A.
D, The answer is D.
C, The answer is C.
C, The answer is A.
E, The answer is B.
C, The answer is C.
A, The answer is E.
E,"
The answer is B."
B,"
The answer is B."
E,"
The answer is B."
E, The answer is E.
D, The answer is A.
C, The answer is A.
B, The answer is C.
C,"
The answer is E."
A, The answer is D.
A, The answer is A.
A, The answer is A.
C, The answer is E.
D, The answer is E.
A, The answer is D.
B, The answer is D.
B, The answer is B.
D,"
The answer is E."
A, The answer is A.
A, The answer is A.
B, The answer is D.
D, The answer is E.
D,"
The answer is D."
A, The answer is E.
B, The answer is B.
D, The answer is D.
B,"
The answer is E."
A, The answer is E.
D, The answer is B.
A, The answer is A.
A, The answer is C.
B, The answer is B.
A,"
The answer is B."
D, The answer is D.
E, The answer is E.
B,"
The answer is E."
D,"
The answer is A."
D, The answer is B.
A, The answer is A.
D, The answer is A.
A, The answer is E.
B, The answer is B.
C, The answer is E.
C, The answer is B.
C, The answer is D.
D, The answer is A.
B, The answer is E.
D, The answer is D.
B, The answer is E.
B, The answer is B.
A, The answer is B.
B, The answer is C.
A,"
The answer is E."
B, The answer is E.
C, The answer is D.
B, The answer is E.
D, The answer is E.
A, The answer is E.
D, The answer is E.
C, The answer is B.
A, The answer is A.
C, The answer is D.
B, The answer is B.
A, The answer is D.
B, The answer is C.
B, The answer is B.
C,"
The answer is D."
B, The answer is B.
D, The answer is B.
E, The answer is D.
B, The answer is B.
B, The answer is B.
A, The answer is D.
C, The answer is A.
A, The answer is C.
A, The answer is E.
E, The answer is C.
C,"
The answer is B."
D, The answer is B.
B,"
The answer is B."
A, The answer is D.
C, The answer is B.
C,"
The answer is C."
A, The answer is A.
D, The answer is C.
C, The answer is C.
C, The answer is C.
A, The answer is D.
A, The answer is B.
B, The answer is B.
D, The answer is D.
A, The answer is A.
A, The answer is A.
E, The answer is D.
B,"
The answer is D."
D, The answer is D.
A, The answer is A.
A, The answer is A.
D, The answer is E.
D, The answer is B.
A, The answer is D.
D,"
The answer is E."
A, The answer is B.
D, The answer is A.
D, The answer is C.
E,"
The answer is B."
E, The answer is A.
A, The answer is B.
E, The answer is B.
E, The answer is A.
D, The answer is A.
B, The answer is B.
D, The answer is B.
E, The answer is C.
A, The answer is C.
D, The answer is E.
B, The answer is C.
C, The answer is C.
C,"
The answer is B."
A, The answer is E.
E, The answer is A.
E, The answer is E.
D, The answer is A.
B, The answer is B.
C, The answer is C.
D, The answer is B.
A, The answer is C.
B,"
The answer is B."
C, The answer is A.
A, The answer is E.
D, The answer is B.
C, The answer is C.
D,"
The answer is D."
B, The answer is C.
E,"
The answer is D."
B, The answer is D.
B, The answer is D.
C, The answer is E.
B, The answer is D.
E, The answer is D.
A, The answer is D.
A, The answer is C.
C, The answer is E.
C, The answer is C.
A, The answer is A.
C, The answer is B.
C, The answer is B.
C, The answer is B.
A, The answer is A.
B, The answer is D.
E, The answer is E.
E, The answer is E.
D, The answer is E.
A, The answer is A.
D, The answer is D.
B, The answer is C.
B,"
The answer is A."
C,"
The answer is D."
A, The answer is D.
E, The answer is E.
C,"
The answer is B."
C, The answer is C.
C, The answer is E.
B,"
The answer is B."
A, The answer is B.
E, The answer is E.
B,"
The answer is C."
B, The answer is E.
B, The answer is B.
D, The answer is B.
C, The answer is C.
D, The answer is C.
C, The answer is C.
A, The answer is A.
D, The answer is A.
A, The answer is A.
E, The answer is E.
D, The answer is D.
C, The answer is C.
B, The answer is B.
D, The answer is D.
B, The answer is E.
A, The answer is B.
C, The answer is A.
E, The answer is D.
B,"
The answer is B."
B, The answer is E.
E, The answer is E.
C, The answer is E.
C, The answer is C.
E, The answer is B.
D, The answer is C.
B, The answer is A.
C, The answer is D.
D, The answer is D.
E, The answer is D.
A, The answer is B.
D, The answer is C.
B, The answer is D.
B, The answer is B.
C, The answer is C.
D, The answer is D.
C, The answer is A.
E,"
The answer is D."
A, The answer is A.
A, The answer is A.
A, The answer is A.
D, The answer is E.
D, The answer is C.
D, The answer is D.
B,"
The answer is B."
D,"
The answer is E."
D,"
The answer is B."
B,"
The answer is B."
C, The answer is C.
D, The answer is D.
B, The answer is A.
A,"
The answer is B."
C, The answer is D.
D, The answer is B.
D, The answer is D.
E, The answer is B.
C, The answer is C.
D, The answer is E.
A, The answer is A.
D, The answer is B.
C,"
The answer is C."
A, The answer is A.
C, The answer is B.
D, The answer is A.
A,"
The answer is A."
A, The answer is B.
D, The answer is D.
D,"
The answer is D."
A, The answer is B.
D, The answer is D.
B, The answer is C.
E, The answer is D.
B, The answer is B.
B,"
The answer is B."
C, The answer is B.
B, The answer is B.
A,"
The answer is A."
D, The answer is B.
C, The answer is A.
E, The answer is C.
A, The answer is A.
A, The answer is A.
B, The answer is B.
D, The answer is B.
B, The answer is E.
D, The answer is E.
E,"
The answer is B."
B, The answer is B.
C, The answer is D.
D, The answer is B.
B, The answer is A.
A, The answer is A.
D, The answer is B.
E, The answer is E.
B,"
The answer is E."
E, The answer is D.
D, The answer is C.
A, The answer is C.
D, The answer is B.
C, The answer is A.
A, The answer is E.
D, The answer is C.
B, The answer is B.
B, The answer is E.
C,"
The answer is C."
D, The increased standard error in the pulmharkimab 150 mg/day group is likely due to the smaller sample size in this group compared to the other two groups. This can result in wider confidence intervals and less precise estimates of the effect size.
E, The answer is E.
A,"
The answer is B."
A, The answer is A.
E, The answer is E.
E, The answer is E.
A, The answer is E.
C, The answer is E.
C, The answer is C.
C, The answer is B.
D, The answer is B.
D, The answer is B.
E, The answer is A.
E, The answer is A.
B, The answer is A.
A, The answer is D.
A, The answer is A.
B, The answer is A.
B, The answer is B.
A, The answer is C.
C, The answer is C.
A, The answer is D.
C, The answer is A.
C, The answer is A.
B,"
The answer is B."
A, The answer is A.
D, The answer is D.
B, The answer is B.
A, The answer is E.
A,"
The answer is D."
C, The answer is C.
B, The answer is C.
E,"
The answer is E."
A, The answer is A.
B, The answer is B.
A, The answer is B.
C, The answer is B.
C,"
The answer is C."
C, The answer is E.
C,"
The answer is D."
C, The answer is B.
E, The answer is D.
B, The answer is C.
B, The answer is B.
E, The answer is C.
A, The answer is D.
D,"
The answer is B."
E, The answer is E.
E, The answer is E.
E, The answer is D.
E, The answer is D.
B,"
The answer is D."
E,"
The answer is B."
A, The answer is E.
E, The answer is C.
C,"
The answer is D."
C, The answer is B.
B, The answer is B.
D, The answer is D.
D, The answer is A.
B, The answer is A.
C,"
The answer is B."
C,"
The answer is C."
B, The answer is B.
D, The answer is E.
E, The answer is E.
E,"
The answer is E."
A, The answer is D.
B, The answer is B.
A, The answer is B.
C, The answer is E.
E, The answer is B.
D, The answer is A.
D, The answer is A.
E, The answer is B.
B, The answer is B.
C, The answer is B.
B, The answer is D.
D, The answer is D.
D, The answer is E.
A, The answer is A.
E, The answer is A.
B, The answer is B.
C, The answer is D.
D, The answer is B.
C, The answer is A.
E,"
The answer is B."
C, The answer is B.
A,"
The answer is A."
E, The answer is C.
C,"
The answer is A."
E, The answer is E.
D, The answer is E.
C, The answer is E.
E, The answer is B.
E,"
The answer is B."
B, The answer is A.
E, The answer is E.
B, The answer is C.
A, The answer is D.
C, The answer is D.
A,"
The answer is E."
A, The answer is D.
A,"
The answer is C."
A, The answer is E.
E, The answer is E.
A, The answer is A.
B, The answer is B.
E, The answer is A.
B,"
The answer is D."
B, The answer is B.
B, The answer is B.
C, The answer is B.
A, The answer is A.
B, The answer is B.
C, The answer is E.
D, The answer is B.
D, The answer is B.
A, The answer is A.
B, The answer is A.
B, The answer is B.
D, The answer is D.
D, The answer is E.
D,"
The answer is D."
D, The answer is B.
A, The answer is A.
A,"
The answer is A."
E,"
The answer is B."
E,"
The answer is B."
D, The answer is B.
C, The answer is E.
A, The answer is A.
A, The answer is A.
B, The answer is E.
B, The answer is A.
E, The answer is D.
B, The answer is B.
B, The answer is A.
E, The answer is B.
B, The answer is A.
C, The answer is C.
B,"
The answer is C."
A, The answer is E.
B,"
The answer is B."
C, The answer is D.
E, The answer is E.
B, The answer is E.
D, The answer is D.
C, The answer is C.
B, The answer is E.
D,"
The answer is B."
A, The answer is E.
B, The answer is B.
A, The answer is D.
C, The answer is B.
B, The answer is B.
C, The answer is C.
D, The answer is B.
C, The answer is E.
A, The answer is B.
B, The answer is E.
D, The answer is D.
E, The answer is E.
A, The answer is E.
A, The answer is A.
C, The answer is E.
D,"
The answer is B."
D,"
The answer is E."
E, The answer is B.
E,"
The answer is A."
D, The answer is B.
C, The answer is E.
D, The answer is B.
B, The answer is D.
B,"
The answer is B."
D, The answer is C.
C, The answer is C.
C, The answer is B.
A, The answer is A.
B, The answer is A.
B,"
The answer is C."
D, The answer is E.
B, The answer is B.
E, The answer is D.
A,"
The answer is A."
B, The answer is D.
B, The answer is E.
E, The answer is E.
D, The answer is C.
E, The answer is B.
D,"
The answer is B."
E, The answer is A.
B, The answer is E.
D,"
The answer is D."
D, The answer is E.
D, The answer is B.
B, The answer is B.
B, The answer is B.
C, The answer is B.
D, The answer is C.
A, The answer is B.
A, The answer is A.
D, The answer is C.
A,"
The answer is B."
A, The answer is A.
E, The answer is C.
A,"
The answer is A."
B, The answer is C.
B, The answer is A.
D, The answer is D.
A,"
The answer is D."
B, The answer is C.
D, The answer is D.
A,"
The answer is C."
C,"
The answer is E."
B, The answer is E.
C, The answer is E.
C, The answer is B.
C,"
The answer is C."
B, The answer is B.
D, The answer is C.
C, The answer is B.
E, The answer is D.
E, The answer is C.
D, The answer is E.
C, The answer is D.
E, The answer is B.
C,"
The answer is A."
A, The answer is B.
D, The answer is E.
D,"
The answer is A."
E, The answer is B.
B, The answer is B.
B, The answer is C.
C, The answer is E.
B, The answer is D.
C,"
The answer is C."
E, The answer is C.
A, The answer is A.
E,"
The answer is D."
A, The answer is B.
B,"
The answer is C."
C, The answer is B.
C,"
The answer is B."
E, The answer is E.
D, The answer is E.
E, The answer is E.
E, The answer is E.
B, The answer is B.
B, The answer is C.
D, The answer is E.
E,"
The answer is D."
D,"
The answer is D."
D,"
The answer is D."
C, The answer is C.
B, The answer is B.
A, The answer is D.
C, The answer is C.
B, The answer is B.
E, The answer is E.
C, The answer is D.
D, The answer is D.
E, The answer is E.
C, The answer is B.
C, The answer is C.
C, The answer is A.
B,"
The answer is D."
E,"
The answer is E."
B,"
The answer is E."
A, The answer is A.
C, The answer is A.
B, The answer is C.
A, The answer is C.
D, The answer is D.
B, The answer is B.
A, The answer is D.
E, The answer is E.
E, The answer is B.
C, The answer is E.
E,"
The answer is B."
A, The answer is D.
A, The answer is C.
C, The answer is C.
B, The answer is B.
E, The answer is A.
C, The answer is B.
D,"
The answer is D."
C, The answer is C.
D,"
The answer is B."
B, The answer is A.
D, The answer is A.
C,"
The answer is D."
B, The answer is D.
C, The answer is E.
E, The answer is D.
B, The answer is A.
A, The answer is A.
C, The answer is E.
D,"
The answer is E."
D,"
The answer is D."
C, The answer is B.
B, The answer is B.
D, The answer is B.
A, The answer is C.
B, The answer is A.
D,"
The answer is B."
B, The answer is B.
C, The answer is C.
D, The answer is A.
A, The answer is E.
A, The answer is A.
D, The answer is B.
D, The answer is C.
C, The answer is C.
E, The answer is E.
C,"
The answer is D."
C, The answer is A.
D, The answer is B.
D, The answer is B.
B, The answer is B.
B, The answer is E.
D, The answer is A.
D, The answer is D.
A, The answer is B.
D, The answer is E.
D, The answer is D.
C, The answer is E.
B, The answer is D.
A, The answer is D.
E, The answer is B.
C, The answer is C.
B, The answer is C.
B, The answer is C.
D, The answer is D.
A,"
The answer is D."
A, The answer is D.
B, The answer is B.
D,"
The answer is D."
C, The answer is D.
E, The answer is D.
E, The answer is E.
D,"
The answer is D."
B, The answer is B.
D, The answer is B.
E, The answer is E.
C, The answer is D.
A, The answer is C.
D, The answer is A.
B, The answer is B.
A,"
The answer is A."
C, The answer is E.
A, The answer is A.
A, The answer is E.
A, The answer is C.
B, The answer is D.
A, The answer is A.
A, The answer is B.
E, The answer is C.
B, The answer is A.
A, The answer is A.
D, The answer is B.
E, The answer is E.
B, The answer is A.
C, The answer is C.
C, The answer is B.
C, The answer is D.
E, The answer is B.
C, The answer is C.
B, The answer is E.
C, The answer is A.
A, The correct answer is C. Lead-time bias.
E,"
The answer is C."
A, The answer is D.
C, The answer is E.
B,"
The answer is D."
C, The answer is B.
D, The answer is E.
B, The answer is E.
E, The answer is E.
D,"
The answer is A."
A, The answer is A.
A, The answer is D.
E, The answer is B.
B, The answer is B.
C, The answer is E.
A, The answer is A.
B, The answer is A.
A, The answer is A.
C,"
The answer is B."
A, The answer is A.
C, The answer is C.
B, The answer is B.
C, The answer is C.
B, The answer is E.
C, The answer is C.
A,"
The answer is B."
A, The answer is C.
E, The answer is D.
A, The answer is E.
B, The answer is E.
A, The answer is E.
B, The answer is A.
D, The answer is E.
D, The answer is C.
A,"
The answer is E."
A, The answer is C.
A, The answer is E.
B, The answer is B.
E,"
The answer is B."
E, The answer is C.
B,"
The answer is C."
D, The answer is E.
B,"
The answer is E."
D, The answer is C.
A, The answer is A.
A, The answer is E.
C, The answer is D.
A,"
The answer is B."
D, The answer is C.
C, The answer is B.
D, The answer is D.
B, The answer is B.
B,"
The answer is B."
C, The answer is B.
B, The answer is B.
D, The answer is B.
A, The answer is A.
B, The answer is B.
E,"
The answer is B."
D, The answer is B.
D, The answer is B.
C, The answer is C.
C, The answer is D.
A, The answer is B.
C, The answer is C.
D, The answer is E.
E, The answer is E.
C,"
The answer is C."
B, The answer is E.
E, The answer is E.
C, The answer is C.
E, The answer is E.
B, The answer is B.
C, The answer is A.
D,"
The answer is B."
C, The answer is B.
D, The answer is D.
B,"
The answer is B."
D,"
The answer is B."
D, The answer is E.
A, The answer is B.
D,"
The answer is C."
B,"
The answer is B."
B,"
The answer is E."
B, The answer is D.
E, The answer is C.
D, The answer is A.
E, The answer is E.
A, The answer is C.
B, The answer is E.
D, The answer is A.
D, The answer is E.
E,"
The answer is E."
B, The answer is B.
E, The answer is D.
C, The answer is E.
C, The answer is E.
B,"
The answer is C."
E,"
The answer is B."
D,"
The answer is E."
E, The answer is E.
C, The answer is B.
B, The answer is C.
E, The answer is A.
D, The answer is E.
C, The answer is B.
E, The answer is D.
A, The answer is A.
D, The answer is E.
C, The answer is C.
A, The answer is A.
D, The answer is E.
E, The answer is A.
B, The answer is D.
A, The answer is A.
D, The answer is E.
E, The answer is C.
A, The answer is E.
D, The answer is E.
C,"
The answer is E."
D, The answer is D.
A, The answer is B.
B,"
The answer is B."
E, The answer is E.
A, The answer is C.
A, The answer is C.
E,"
The answer is A."
C, The answer is C.
B, The answer is E.
B, The answer is B.
B,"
The answer is C."
B,"
The answer is B."
A, The answer is D.
A, The answer is A.
B, The answer is A.
B, The answer is C.
D, The answer is E.
E, The answer is B.
E,"
The answer is B."
B,"
The answer is B."
A, The answer is E.
B,"
The answer is C."
B, The answer is E.
B,"
The answer is C."
C,"
The answer is E."
D, The answer is C.
D,"
The answer is B."
B, The answer is A.
B, The answer is E.
A, The answer is A.
C,"
The answer is C."
D,"
The answer is C."
B, The answer is D.
D, The answer is B.
A,"
The answer is A."
D, The answer is B.
E, The answer is C.
B, The answer is B.
D, The answer is D.
E, The answer is E.
A, The answer is C.
A,"
The answer is C."
C, The answer is B.
B, The answer is E.
B, The answer is B.
E, The answer is C.
A, The answer is B.
D, The answer is D.
E, The answer is A.
C, The answer is A.
E, The answer is E.
B, The answer is D.
A, The answer is D.
B, The answer is B.
E, The answer is E.
D, The answer is E.
E, The answer is E.
C, The answer is C.
A,"
The answer is B."
D, The answer is A.
A, The answer is B.
B,"
The answer is B."
D, The answer is A.
B,"
The answer is A."
B, The answer is C.
D, The answer is C.
D, The answer is D.
C, The answer is B.
B, The answer is E.
C, The answer is A.
D, The answer is D.
D, The answer is E.
C, The answer is A.
E,"
The answer is B."
A, The answer is B.
B, The answer is A.
A, The answer is A.
D, The answer is A.
D, The answer is E.
B, The answer is A.
A, The answer is C.
C, The answer is A.
A,"
The answer is E."
D,"
The answer is C."
B, The answer is A.
D, The answer is A.
C, The answer is C.
C, The answer is C.
E,"
The answer is A."
D, The answer is B.
E, The answer is E.
D, The answer is C.
C, The answer is E.
D,"
The answer is D."
D, The answer is D.
D,"
The answer is D."
A, The answer is A.
A, The answer is E.
E, The answer is B.
E, The answer is B.
D, The answer is B.
E,"
The answer is C."
C,"
The answer is B."
A, The answer is B.
C, The most appropriate statistical method to compare the groups in this study would be analysis of variance (ANOVA).
A, The answer is C.
A, The answer is B.
E, The answer is A.
C, The answer is C.
A, The answer is A.
E, The answer is A.
E,"
The answer is A."
D,"
The answer is B."
E, The answer is A.
A, The answer is E.
C, The answer is E.
C, The answer is C.
A, The answer is B.
C,"
The answer is E."
C, The answer is C.
A, The answer is A.
C,"
The answer is B."
A,"
The answer is A."
A, The answer is A.
B, The answer is C.
A, The answer is C.
B, The answer is E.
B, The answer is B.
A, The answer is C.
D,"
The answer is A."
E,"
The answer is E."
C, The answer is E.
E, The answer is E.
E, The answer is B.
A, The answer is C.
C, The answer is C.
B, The answer is D.
E, The answer is B.
C,"
The answer is E."
A, The answer is E.
B, The answer is E.
D,"
The answer is D."
B, The answer is B.
A, The answer is A.
C, The answer is A.
A, The answer is A.
D, The answer is A.
E, The answer is C.
A,"
The answer is A."
C, The answer is B.
B, The answer is A.
D, The answer is D.
C,"
The answer is E."
B, The answer is E.
C, The answer is C.
A,"
The answer is A."
E, The answer is E.
A, The answer is C.
C, The answer is D.
E,"
The answer is D."
C, The answer is B.
C, The answer is A.
B, The answer is B.
C,"
The answer is C."
D, The answer is D.
E, The answer is E.
C, The answer is B.
A,"
The answer is A."
D, The answer is E.
E, The answer is B.
B, The answer is D.
D, The answer is D.
C,"
The answer is C."
B, The answer is E.
A, The answer is A.
B, The answer is B.
D, The answer is E.
A, The answer is A.
C, The answer is E.
A, The answer is A.
E, The answer is D.
A,"
The answer is B."
B, The answer is B.
D, The answer is E.
A,"
The answer is E."
C, The answer is D.
C,"
The answer is A."
B, The answer is A.
E, The answer is C.
A, The answer is B.
A,"
The answer is A."
A, The answer is E.
E,"
The answer is B."
B,"
The answer is C."
C, The answer is D.
A, The answer is B.
B, The answer is B.
D, The answer is A.
A, The answer is A.
E, The answer is C.
B, The answer is B.
E,"
The answer is D."
C, The answer is E.
C, The answer is D.
D, The answer is D.
E, The answer is C.
A, The answer is A.
B, The answer is B.
B, The answer is D.
C, The answer is C.
A, The answer is D.
C, The answer is B.
A, The answer is B.
D, The answer is A.
D, The answer is E.
A,"
The answer is D."
E, The answer is A.
C, The answer is C.
E, The answer is C.
A, The answer is C.
B, The answer is B.
C, The answer is A.
B,"
The answer is B."
E, The answer is E.
D, The answer is C.
B, The answer is D.
A, The answer is A.
B, The answer is B.
B, The answer is B.
B, The answer is E.
B,"
The answer is C."
B, The answer is B.
E, The answer is E.
A, The answer is A.
C,"
The answer is B."
C, The answer is A.
D, The answer is B.
C, The answer is E.
A, The answer is D.
B, The answer is A.
B, The answer is A.
C, The answer is D.
B, The answer is B.
E, The answer is E.
E, The answer is B.
C, The answer is B.
C, The answer is C.
C, The answer is C.
