yes,"
The answer is maybe."
yes,"
The answer is no."
yes, The answer is no.
yes, The answer is yes.
yes,"
The answer is maybe."
yes,"
The answer is yes."
yes,"
The answer is maybe."
yes, The answer is no.
yes,"
The answer is no."
yes,"
The answer is yes."
yes,"
The answer is yes."
yes,"
The answer is no."
yes, The answer is yes.
yes, The answer is maybe.
yes, The answer is yes.
yes, The answer is yes.
yes, The answer is no.
yes, The answer is maybe.
yes, The answer is no.
yes, The answer is maybe.
yes,"
The answer is yes."
yes, The answer is no.
yes,"
The answer is no."
yes, The answer is maybe.
yes, The answer is maybe.
yes,"
The answer is yes."
yes,"
The answer is yes."
yes,"
The answer is maybe."
yes, The answer is yes.
yes, The answer is maybe.
yes, The answer is yes.
yes, The answer is yes.
yes, The answer is yes.
yes,"
The answer is no."
yes, The answer is no.
yes, The answer is yes.
yes, The answer is yes.
yes,"
The answer is yes."
yes,"
The answer is yes."
yes, The answer is maybe.
yes, The answer is yes.
yes, The answer is maybe.
yes, The answer is no.
yes,"
The answer is maybe."
yes, The answer is no.
yes, The answer is maybe.
yes,"
The answer is maybe."
yes,"
The answer is maybe."
yes, The answer is yes.
yes, The answer is no.
yes,"
The answer is no."
yes,"
The answer is maybe."
yes, The answer is no.
yes, The answer is yes.
yes, The answer is maybe.
yes, The answer is maybe.
yes,"
The answer is yes."
yes, The answer is maybe.
yes,"
The answer is no. Amoxapine is an atypical antidepressant, not an antipsychotic."
yes,"
The answer is yes."
yes, The answer is yes.
yes,"
The answer is maybe."
yes,"
The answer is no."
yes,"
The answer is yes."
yes, The answer is maybe.
yes, The answer is yes.
yes, The answer is yes.
yes, The answer is yes.
yes,"
The answer is maybe."
yes,"
The answer is yes."
yes,"
The answer is maybe."
yes,"
The answer is no."
yes, The answer is no. Severe macrosomia is typically manifested at 37 weeks of gestation or later.
yes,"
The answer is no."
yes, The answer is maybe.
yes,"
The answer is maybe."
yes, The answer is yes.
yes,"
The answer is no."
yes, The answer is no.
yes," The answer is no. Size-reducing ascending aortoplasty with external reinforcement is not an option in modern aortic surgery. Instead, modern aortic surgery typically involves endovascular repair or replacement of the aortic root."
yes,"
The answer is no."
yes, The answer is maybe.
yes, The answer is no.
yes, The answer is yes.
yes,"
The answer is maybe."
yes,"
The answer is no."
yes, The answer is maybe.
yes, The answer is maybe.
yes, The answer is yes.
yes, The answer is maybe.
yes, The answer is maybe.
yes,"
The answer is no."
yes,"
The answer is no."
yes, The answer is maybe.
yes, The answer is maybe.
yes,"
The answer is maybe."
yes,"
The answer is yes."
yes,"
The answer is maybe."
yes,"
The answer is yes."
yes,"
The answer is yes."
yes, The answer is no.
yes, The answer is no.
yes,"
The answer is no."
yes,"
The answer is no."
yes,"
The answer is yes."
yes, The answer is yes.
yes,"
The answer is maybe."
yes,"
The answer is no."
yes, The answer is yes.
yes, The answer is yes.
yes, The answer is no.
yes, The answer is no.
yes,"
The answer is maybe."
yes,"
The answer is no."
yes,"
The answer is yes."
yes,"
The answer is no."
yes, The answer is no.
yes,"
The answer is maybe."
yes, The answer is yes.
yes, The answer is maybe.
yes,"
The answer is no."
yes, The answer is no.
yes, The answer is maybe.
yes,"
The answer is maybe."
yes, The answer is yes.
yes, The answer is maybe.
yes, The answer is maybe.
yes,"
The answer is yes."
yes,"
The answer is maybe."
yes,"
The answer is no."
yes, The answer is no.
yes,"
The answer is no. Gingival crevicular blood cannot be relied upon for assessment of blood glucose level."
yes,"
The answer is no."
yes, The answer is yes.
yes, The answer is maybe.
yes, The answer is yes.
yes,"
The answer is maybe."
yes,"
The answer is no."
yes,"
The answer is no."
yes,"
The answer is yes."
yes, The answer is no.
yes, The answer is no.
yes, The answer is yes.
yes,"
The answer is yes."
yes, The answer is yes.
yes, The answer is no.
yes," The answer is no. Serum is not typically used for analyzing the EGFR mutation status in patients with advanced non-small cell lung cancer. Instead, tissue samples are usually used for this purpose."
yes,"
The answer is no."
yes, The answer is maybe.
yes, The answer is no.
yes," The answer is no. It is generally not safe to perform rectal anastomosis in gynaecological debulking surgery without a diverting stoma due to the risk of complications such as bowel obstruction, leakage, and infection."
yes,"
The answer is yes."
yes,"
The answer is no."
yes, The answer is maybe.
yes, The answer is yes.
yes,"
The answer is yes."
yes, The answer is no.
yes, The answer is yes.
yes,"
The answer is no."
yes,"
The answer is maybe."
yes, The answer is no.
yes, The answer is yes.
yes, The answer is yes.
yes, The answer is yes.
yes, The answer is maybe.
yes, The answer is maybe.
yes, The answer is no.
yes, The answer is yes.
yes,"
The answer is no."
yes, The answer is no.
yes,"
The answer is maybe."
yes,"
The answer is maybe."
yes, The answer is no.
yes,"
The answer is no."
yes,"
The answer is yes."
yes,"
The answer is no."
yes, The answer is yes.
yes, The answer is no.
yes, The answer is yes.
yes,"
The answer is no."
yes, The answer is yes.
yes,"
The answer is yes."
yes,"
The answer is no."
yes, The answer is yes.
yes, The answer is yes.
yes, The answer is no.
yes, The answer is no.
yes, The answer is yes.
yes,"
The answer is yes."
yes,"
The answer is yes."
yes, The answer is no.
yes, The answer is maybe.
yes, The answer is no.
yes, The answer is yes.
yes, The answer is yes.
yes, The answer is no.
yes,"
The answer is no."
yes,"
The answer is no."
yes, The answer is yes.
yes,"
The answer is maybe."
yes,"
The answer is yes."
yes,"
The answer is yes."
yes,"
The answer is maybe."
yes, The answer is maybe.
yes, The answer is yes.
yes,"
The answer is yes."
yes,"
The answer is yes."
yes,"
The answer is yes."
yes,"
The answer is yes."
yes, The answer is no.
yes,"
The answer is yes."
yes, The answer is no.
yes,"
The answer is maybe."
yes, The answer is maybe.
yes,"
The answer is maybe."
yes, The answer is yes.
yes,"
The answer is no."
yes,"
The answer is maybe."
yes,"
The answer is no."
yes,"
The answer is yes."
yes, The answer is yes.
yes,"
The answer is no."
yes, The answer is no.
yes, The answer is maybe.
yes, The answer is maybe.
yes,"
The answer is yes."
yes,"
The answer is yes."
yes,"
The answer is maybe."
yes,"
The answer is maybe."
yes, The answer is yes.
yes, The answer is no.
yes, The answer is maybe.
yes, The answer is yes.
yes,"
The answer is no."
yes, The answer is yes.
yes, The answer is no.
yes, The answer is no.
yes, The answer is yes.
yes,"
The answer is no."
yes, The answer is yes.
yes, The answer is yes.
yes, The answer is yes.
yes, The answer is yes.
yes,"
The answer is maybe."
yes, The answer is maybe.
yes, The answer is yes.
yes, The answer is yes.
yes, The answer is yes.
yes,"
The answer is no."
yes,"
The answer is maybe."
yes, The answer is yes.
yes,"
The answer is no."
yes, The answer is no.
yes, The answer is no.
yes,"
The answer is yes."
yes,"
The answer is maybe."
yes, The answer is maybe.
yes,"
The answer is maybe."
yes, The answer is yes.
yes, The answer is maybe.
yes, The answer is maybe.
yes, The answer is yes.
yes, The answer is maybe.
yes,"
The answer is yes."
yes, The answer is no.
yes, The answer is maybe.
yes, The answer is no.
yes,"
The answer is no."
yes, The answer is maybe.
yes, The answer is no.
yes, The answer is maybe.
yes,"
The answer is maybe."
yes, The answer is no.
yes, The answer is maybe.
yes,"
The answer is yes."
yes,"
The answer is no."
no, The answer is maybe.
no,"
The answer is no."
no,"
The answer is yes."
no,"
The answer is no."
no, The answer is no.
no, The answer is yes.
no,"
The answer is no."
no,"
The answer is no."
no, The answer is maybe.
no, The answer is yes.
no, The answer is maybe.
no,"
The answer is no."
no, The answer is maybe.
no, The answer is no.
no, The answer is no.
no, The answer is maybe.
no, The answer is yes.
no, The answer is yes.
no,"
The answer is no."
no, The answer is no.
no,"
The answer is no."
no, The answer is no.
no,"
The answer is no."
no, The answer is no.
no, The answer is no.
no, The answer is yes.
no,"
The answer is no."
no, The answer is no.
no, The answer is no.
no, The answer is no.
no, The answer is maybe.
no,"
The answer is maybe."
no, The answer is no.
no,"
The answer is maybe."
no,"
The answer is yes."
no, The answer is no.
no,"
The answer is no."
no,"
The answer is no."
no,"
The answer is maybe."
no, The answer is maybe.
no, The answer is no. The long-term results of the transanal pull-through are generally considered to be less favorable than those of the transabdominal pull-through.
no,"
The answer is yes."
no, The answer is no.
no, The answer is maybe.
no, The answer is maybe.
no, The answer is maybe.
no, The answer is maybe.
no," The answer is no. Landolt C and Snellen E acuity are two different methods used to measure visual acuity in patients with strabismus and amblyopia. Landolt C acuity measures visual acuity in the central field of vision, while Snellen E acuity measures visual acuity in the peripheral field of vision. These two methods are not directly related to each other and do not necessarily reflect the same aspect of visual function."
no, The answer is maybe.
no,"
The answer is no."
no,"
The answer is no."
no, The answer is maybe.
no,"
The answer is no."
no,"
The answer is no. Foreign bodies that enter the body through an injury or medical procedure are usually removed by the body's immune system or surgical intervention. They do not migrate towards the heart."
no, The answer is no.
no, The answer is yes.
no,"
The answer is yes."
no,"
The answer is no."
no, The answer is maybe.
no,"
The answer is no."
no,"
The answer is yes."
no, The answer is yes.
no, The answer is maybe.
no,"
The answer is yes."
no,"
The answer is no."
no,"
The answer is no."
no,"
The answer is maybe."
no,"
The answer is yes."
no,"
The answer is maybe."
no,"
The answer is yes."
no,"
The answer is maybe."
no,"
The answer is no."
no,"
The answer is no."
no,"
The answer is maybe."
no, The answer is yes.
no, The answer is maybe.
no,"
The answer is no."
no,"
The answer is no."
no,"
The answer is no."
no,"
The answer is no."
no,"
The answer is no."
no,"
The answer is no. Low-tone sudden deafness does not inevitably progress to Meniere's disease."
no,"
The answer is yes."
no, The answer is no.
no,"
The answer is yes."
no,"
The answer is no."
no,"
The answer is no."
no,"
The answer is no. Calibration is not the cause of variation in liquid chromatography tandem mass spectrometry testosterone measurement. The cause of variation is typically related to the sample preparation and instrumentation."
no,"
The answer is maybe."
no,"
The answer is yes."
no, The answer is no.
no,"
The answer is maybe."
no, The answer is no.
no, The answer is no.
no, The answer is maybe.
no, The answer is no.
no,"
The answer is maybe."
no, The answer is yes.
no, The answer is yes.
no, The answer is yes.
no, The answer is yes.
no,"
The answer is no. Globulomaxillary cysts are not a recognized medical condition."
no, The answer is yes.
no, The answer is no.
no,"
The answer is yes."
no, The answer is no.
no, The answer is no.
no, The answer is yes.
no, The answer is no.
no, The answer is maybe.
no, The answer is no.
no,"
The answer is maybe."
no,"
The answer is maybe."
no, The answer is no.
no,"
The answer is no."
no, The answer is maybe.
no,"
The answer is no."
no, The answer is yes.
no, The answer is yes.
no,"
The answer is maybe."
no,"
The answer is yes."
no,"
The answer is no."
no,"
The answer is maybe."
no, The answer is maybe.
no,"
The answer is no."
no,"
The answer is yes."
no, The answer is yes.
no,"
The answer is maybe."
no, The answer is yes.
no,"
The answer is no."
no,"
The answer is yes."
no,"
The answer is maybe."
no,"
The answer is yes."
no, The answer is no. Renal warm ischemia over 30 minutes during laparoscopic partial nephrectomy is not possible.
no,"
The answer is no."
no,"
The answer is no."
no, The answer is no. Well differentiated small hepatocellular carcinoma is not clinically early cancer.
no, The answer is yes.
no, The answer is yes.
no, The answer is no.
no,"
The answer is yes."
no, The answer is no.
no, The answer is yes.
no, The answer is no.
no, The answer is no. Endoaortic balloon occlusion is not safe for surgical management of the atherosclerotic ascending aorta.
no,"
The answer is no."
no, The answer is no.
no,"
The answer is yes."
no, The answer is no.
no,"
The answer is yes."
no,"
The answer is no."
no,"
The answer is maybe."
no, The answer is maybe.
no, The answer is no.
no, The answer is yes.
no,"
The answer is no."
no,"
The answer is maybe."
no, The answer is yes.
no, The answer is no.
no,"
The answer is maybe."
no,"
The answer is no."
no,"
The answer is maybe."
no, The answer is maybe.
no,"
The answer is no."
no, The answer is no.
no, The answer is no.
no,"
The answer is yes."
no,"
The answer is maybe."
no, The answer is maybe.
maybe, The answer is maybe.
maybe,"
The answer is maybe."
maybe, The answer is no.
maybe, The answer is maybe.
maybe, The answer is no.
maybe, The answer is maybe.
maybe,"
The answer is yes."
maybe, The answer is maybe.
maybe,"
The answer is no."
maybe, The answer is yes.
maybe, The answer is yes.
maybe, The answer is yes.
maybe, The answer is no.
maybe, The answer is maybe.
maybe,"
The answer is no."
maybe, The answer is yes.
maybe,"
The answer is no."
maybe,"
The answer is yes."
maybe, The answer is no.
maybe, The answer is yes.
maybe,"
The answer is no. Crohn's disease is a type of inflammatory bowel disease."
maybe, The answer is no.
maybe,"
The answer is no."
maybe, The answer is no.
maybe,"
The answer is yes."
maybe,"
The answer is no."
maybe, The answer is maybe.
maybe,"
The answer is no."
maybe,"
The answer is no. Vaginal intraepithelial neoplasia (VIN) and cervical intraepithelial neoplasia (CIN) are different types of precancerous lesions that occur in different parts of the body. While both types of lesions can progress to cancer if left untreated, the evolution of VIN and CIN is different. VIN can progress to vaginal cancer, but it is rare. C"
maybe, The answer is yes.
maybe, The answer is maybe.
maybe, The answer is no.
maybe, The answer is no.
maybe,"
The answer is yes."
maybe, The answer is yes.
maybe, The answer is maybe.
maybe, The answer is yes.
maybe,"
The answer is no."
maybe, The answer is maybe.
maybe,"
The answer is maybe."
maybe, The answer is maybe.
maybe,"
The answer is no."
maybe, The answer is yes.
maybe, The answer is yes.
maybe, The answer is maybe.
maybe, The answer is yes.
maybe,"
The answer is maybe."
maybe, The answer is yes.
maybe, The answer is yes.
maybe, The answer is yes.
maybe,"
The answer is maybe."
maybe, The answer is yes.
maybe, The answer is maybe.
maybe,"
The answer is yes."
maybe, The answer is maybe.
